,ts_code,symbol,name,area,industry,fullname
0,600000.SH,600000,浦发银行,上海,银行,上海浦东发展银行股份有限公司
1,600004.SH,600004,白云机场,广东,机场,广州白云国际机场股份有限公司
2,600006.SH,600006,东风汽车,湖北,汽车整车,东风汽车股份有限公司
3,600007.SH,600007,中国国贸,北京,园区开发,中国国际贸易中心股份有限公司
4,600008.SH,600008,首创环保,北京,环境保护,北京首创生态环保集团股份有限公司
5,600009.SH,600009,上海机场,上海,机场,上海国际机场股份有限公司
6,600010.SH,600010,包钢股份,内蒙,普钢,内蒙古包钢钢联股份有限公司
7,600011.SH,600011,华能国际,北京,火力发电,华能国际电力股份有限公司
8,600012.SH,600012,皖通高速,安徽,路桥,安徽皖通高速公路股份有限公司
9,600015.SH,600015,华夏银行,北京,银行,华夏银行股份有限公司
10,600016.SH,600016,民生银行,北京,银行,中国民生银行股份有限公司
11,600017.SH,600017,日照港,山东,港口,日照港股份有限公司
12,600018.SH,600018,上港集团,上海,港口,上海国际港务(集团)股份有限公司
13,600019.SH,600019,宝钢股份,上海,普钢,宝山钢铁股份有限公司
14,600020.SH,600020,中原高速,河南,路桥,河南中原高速公路股份有限公司
15,600021.SH,600021,上海电力,上海,火力发电,上海电力股份有限公司
16,600022.SH,600022,山东钢铁,山东,普钢,山东钢铁股份有限公司
17,600023.SH,600023,浙能电力,浙江,火力发电,浙江浙能电力股份有限公司
18,600025.SH,600025,华能水电,云南,水力发电,华能澜沧江水电股份有限公司
19,600026.SH,600026,中远海能,上海,水运,中远海运能源运输股份有限公司
20,600027.SH,600027,华电国际,山东,火力发电,华电国际电力股份有限公司
21,600028.SH,600028,中国石化,北京,石油加工,中国石油化工股份有限公司
22,600029.SH,600029,南方航空,广东,空运,中国南方航空股份有限公司
23,600030.SH,600030,中信证券,深圳,证券,中信证券股份有限公司
24,600031.SH,600031,三一重工,北京,工程机械,三一重工股份有限公司
25,600032.SH,600032,浙江新能,浙江,新型电力,浙江省新能源投资集团股份有限公司
26,600033.SH,600033,福建高速,福建,路桥,福建发展高速公路股份有限公司
27,600035.SH,600035,楚天高速,湖北,路桥,湖北楚天智能交通股份有限公司
28,600036.SH,600036,招商银行,深圳,银行,招商银行股份有限公司
29,600037.SH,600037,歌华有线,北京,影视音像,北京歌华有线电视网络股份有限公司
30,600038.SH,600038,中直股份,黑龙江,航空,中航直升机股份有限公司
31,600039.SH,600039,四川路桥,四川,建筑工程,四川路桥建设集团股份有限公司
32,600048.SH,600048,保利发展,广东,全国地产,保利发展控股集团股份有限公司
33,600050.SH,600050,中国联通,北京,电信运营,中国联合网络通信股份有限公司
34,600051.SH,600051,宁波联合,浙江,综合类,宁波联合集团股份有限公司
35,600052.SH,600052,浙江广厦,浙江,影视音像,浙江广厦股份有限公司
36,600053.SH,600053,九鼎投资,江西,多元金融,昆吾九鼎投资控股股份有限公司
37,600054.SH,600054,黄山旅游,安徽,旅游景点,黄山旅游发展股份有限公司
38,600055.SH,600055,万东医疗,北京,医疗保健,北京万东医疗科技股份有限公司
39,600056.SH,600056,中国医药,北京,医药商业,中国医药健康产业股份有限公司
40,600057.SH,600057,厦门象屿,福建,仓储物流,厦门象屿股份有限公司
41,600058.SH,600058,五矿发展,北京,商贸代理,五矿发展股份有限公司
42,600059.SH,600059,古越龙山,浙江,红黄酒,浙江古越龙山绍兴酒股份有限公司
43,600060.SH,600060,海信视像,山东,家用电器,海信视像科技股份有限公司
44,600061.SH,600061,国投资本,上海,证券,国投资本股份有限公司
45,600062.SH,600062,华润双鹤,北京,化学制药,华润双鹤药业股份有限公司
46,600063.SH,600063,皖维高新,安徽,化纤,安徽皖维高新材料股份有限公司
47,600064.SH,600064,南京高科,江苏,园区开发,南京高科股份有限公司
48,600066.SH,600066,宇通客车,河南,汽车整车,宇通客车股份有限公司
49,600067.SH,600067,冠城大通,福建,全国地产,冠城大通股份有限公司
50,600070.SH,600070,浙江富润,浙江,互联网,浙江富润数字科技股份有限公司
51,600071.SH,600071,凤凰光学,江西,元器件,凤凰光学股份有限公司
52,600072.SH,600072,中船科技,上海,船舶,中船科技股份有限公司
53,600073.SH,600073,上海梅林,上海,食品,上海梅林正广和股份有限公司
54,600075.SH,600075,新疆天业,新疆,化工原料,新疆天业股份有限公司
55,600076.SH,600076,康欣新材,山东,其他建材,康欣新材料股份有限公司
56,600077.SH,600077,宋都股份,浙江,全国地产,宋都基业投资股份有限公司
57,600078.SH,600078,*ST澄星,江苏,化工原料,江苏澄星磷化工股份有限公司
58,600079.SH,600079,人福医药,湖北,化学制药,人福医药集团股份公司
59,600080.SH,600080,金花股份,陕西,中成药,金花企业(集团)股份有限公司
60,600081.SH,600081,东风科技,上海,汽车配件,东风电子科技股份有限公司
61,600082.SH,600082,海泰发展,天津,园区开发,天津海泰科技发展股份有限公司
62,600083.SH,600083,*ST博信,江苏,综合类,江苏博信投资控股股份有限公司
63,600084.SH,600084,*ST中葡,新疆,红黄酒,中信国安葡萄酒业股份有限公司
64,600085.SH,600085,同仁堂,北京,中成药,北京同仁堂股份有限公司
65,600088.SH,600088,中视传媒,上海,影视音像,中视传媒股份有限公司
66,600089.SH,600089,特变电工,新疆,电气设备,特变电工股份有限公司
67,600090.SH,600090,*ST济堂,新疆,医药商业,新疆同济堂健康产业股份有限公司
68,600091.SH,600091,*ST明科,内蒙,化工原料,包头明天科技股份有限公司
69,600093.SH,600093,*ST易见,云南,仓储物流,易见供应链管理股份有限公司
70,600094.SH,600094,大名城,上海,区域地产,上海大名城企业股份有限公司
71,600095.SH,600095,湘财股份,黑龙江,证券,湘财股份有限公司
72,600096.SH,600096,云天化,云南,农药化肥,云南云天化股份有限公司
73,600097.SH,600097,开创国际,上海,渔业,上海开创国际海洋资源股份有限公司
74,600098.SH,600098,广州发展,广东,火力发电,广州发展集团股份有限公司
75,600099.SH,600099,林海股份,江苏,摩托车,林海股份有限公司
76,600100.SH,600100,同方股份,北京,IT设备,同方股份有限公司
77,600101.SH,600101,明星电力,四川,水力发电,四川明星电力股份有限公司
78,600103.SH,600103,青山纸业,福建,造纸,福建省青山纸业股份有限公司
79,600104.SH,600104,上汽集团,上海,汽车整车,上海汽车集团股份有限公司
80,600105.SH,600105,永鼎股份,江苏,通信设备,江苏永鼎股份有限公司
81,600106.SH,600106,重庆路桥,重庆,路桥,重庆路桥股份有限公司
82,600107.SH,600107,美尔雅,湖北,服饰,湖北美尔雅股份有限公司
83,600108.SH,600108,亚盛集团,甘肃,农业综合,甘肃亚盛实业(集团)股份有限公司
84,600109.SH,600109,国金证券,四川,证券,国金证券股份有限公司
85,600110.SH,600110,诺德股份,吉林,电气设备,诺德投资股份有限公司
86,600111.SH,600111,北方稀土,内蒙,小金属,中国北方稀土(集团)高科技股份有限公司
87,600112.SH,600112,*ST天成,贵州,电气设备,贵州长征天成控股股份有限公司
88,600113.SH,600113,浙江东日,浙江,区域地产,浙江东日股份有限公司
89,600114.SH,600114,东睦股份,浙江,机械基件,东睦新材料集团股份有限公司
90,600115.SH,600115,中国东航,上海,空运,中国东方航空股份有限公司
91,600116.SH,600116,三峡水利,重庆,水力发电,重庆三峡水利电力(集团)股份有限公司
92,600117.SH,600117,西宁特钢,青海,特种钢,西宁特殊钢股份有限公司
93,600118.SH,600118,中国卫星,北京,航空,中国东方红卫星股份有限公司
94,600119.SH,600119,长江投资,上海,仓储物流,长发集团长江投资实业股份有限公司
95,600120.SH,600120,浙江东方,浙江,多元金融,浙江东方金融控股集团股份有限公司
96,600121.SH,600121,郑州煤电,河南,煤炭开采,郑州煤电股份有限公司
97,600122.SH,600122,ST宏图,江苏,其他商业,江苏宏图高科技股份有限公司
98,600123.SH,600123,兰花科创,山西,煤炭开采,山西兰花科技创业股份有限公司
99,600125.SH,600125,铁龙物流,辽宁,铁路,中铁铁龙集装箱物流股份有限公司
100,600126.SH,600126,杭钢股份,浙江,普钢,杭州钢铁股份有限公司
101,600127.SH,600127,金健米业,湖南,农业综合,金健米业股份有限公司
102,600128.SH,600128,弘业股份,江苏,商贸代理,江苏弘业股份有限公司
103,600129.SH,600129,太极集团,重庆,中成药,重庆太极实业(集团)股份有限公司
104,600130.SH,600130,波导股份,浙江,通信设备,宁波波导股份有限公司
105,600131.SH,600131,国网信通,四川,通信设备,国网信息通信股份有限公司
106,600132.SH,600132,重庆啤酒,重庆,啤酒,重庆啤酒股份有限公司
107,600133.SH,600133,东湖高新,湖北,园区开发,武汉东湖高新集团股份有限公司
108,600135.SH,600135,乐凯胶片,河北,化工原料,乐凯胶片股份有限公司
109,600136.SH,600136,当代文体,湖北,影视音像,武汉当代明诚文化体育集团股份有限公司
110,600137.SH,600137,浪莎股份,四川,服饰,四川浪莎控股股份有限公司
111,600138.SH,600138,中青旅,北京,旅游服务,中青旅控股股份有限公司
112,600139.SH,600139,ST西源,四川,综合类,四川西部资源控股股份有限公司
113,600141.SH,600141,兴发集团,湖北,化工原料,湖北兴发化工集团股份有限公司
114,600143.SH,600143,金发科技,广东,塑料,金发科技股份有限公司
115,600145.SH,600145,*ST新亿,新疆,房产服务,新疆亿路万源实业控股股份有限公司
116,600146.SH,600146,*ST环球,宁夏,服饰,商赢环球股份有限公司
117,600148.SH,600148,长春一东,吉林,汽车配件,长春一东离合器股份有限公司
118,600149.SH,600149,廊坊发展,河北,综合类,廊坊发展股份有限公司
119,600150.SH,600150,中国船舶,上海,船舶,中国船舶工业股份有限公司
120,600151.SH,600151,航天机电,上海,汽车配件,上海航天汽车机电股份有限公司
121,600152.SH,600152,维科技术,浙江,电气设备,维科技术股份有限公司
122,600153.SH,600153,建发股份,福建,商贸代理,厦门建发股份有限公司
123,600155.SH,600155,华创阳安,北京,证券,华创阳安股份有限公司
124,600156.SH,600156,华升股份,湖南,纺织,湖南华升股份有限公司
125,600157.SH,600157,永泰能源,山西,火力发电,永泰能源股份有限公司
126,600158.SH,600158,中体产业,天津,文教休闲,中体产业集团股份有限公司
127,600159.SH,600159,大龙地产,北京,区域地产,北京市大龙伟业房地产开发股份有限公司
128,600160.SH,600160,巨化股份,浙江,化工原料,浙江巨化股份有限公司
129,600161.SH,600161,天坛生物,北京,生物制药,北京天坛生物制品股份有限公司
130,600162.SH,600162,香江控股,深圳,全国地产,深圳香江控股股份有限公司
131,600163.SH,600163,中闽能源,福建,新型电力,中闽能源股份有限公司
132,600165.SH,600165,新日恒力,宁夏,化工原料,宁夏新日恒力钢丝绳股份有限公司
133,600166.SH,600166,福田汽车,北京,汽车整车,北汽福田汽车股份有限公司
134,600167.SH,600167,联美控股,辽宁,供气供热,联美量子股份有限公司
135,600168.SH,600168,武汉控股,湖北,水务,武汉三镇实业控股股份有限公司
136,600169.SH,600169,太原重工,山西,工程机械,太原重工股份有限公司
137,600170.SH,600170,上海建工,上海,建筑工程,上海建工集团股份有限公司
138,600171.SH,600171,上海贝岭,上海,半导体,上海贝岭股份有限公司
139,600172.SH,600172,黄河旋风,河南,矿物制品,河南黄河旋风股份有限公司
140,600173.SH,600173,卧龙地产,浙江,全国地产,卧龙地产集团股份有限公司
141,600176.SH,600176,中国巨石,浙江,玻璃,中国巨石股份有限公司
142,600177.SH,600177,雅戈尔,浙江,服饰,雅戈尔集团股份有限公司
143,600178.SH,600178,东安动力,黑龙江,汽车配件,哈尔滨东安汽车动力股份有限公司
144,600179.SH,600179,安通控股,黑龙江,仓储物流,安通控股股份有限公司
145,600180.SH,600180,瑞茂通,山东,仓储物流,瑞茂通供应链管理股份有限公司
146,600182.SH,600182,SST佳通,黑龙江,汽车配件,佳通轮胎股份有限公司
147,600183.SH,600183,生益科技,广东,元器件,广东生益科技股份有限公司
148,600184.SH,600184,光电股份,湖北,专用机械,北方光电股份有限公司
149,600185.SH,600185,格力地产,广东,区域地产,格力地产股份有限公司
150,600186.SH,600186,莲花健康,河南,食品,莲花健康产业集团股份有限公司
151,600187.SH,600187,国中水务,黑龙江,水务,黑龙江国中水务股份有限公司
152,600188.SH,600188,兖州煤业,山东,煤炭开采,兖州煤业股份有限公司
153,600189.SH,600189,泉阳泉,吉林,软饮料,吉林泉阳泉股份有限公司
154,600190.SH,600190,锦州港,辽宁,港口,锦州港股份有限公司
155,600191.SH,600191,*ST华资,内蒙,食品,包头华资实业股份有限公司
156,600192.SH,600192,长城电工,甘肃,电气设备,兰州长城电工股份有限公司
157,600193.SH,600193,创兴资源,上海,装修装饰,上海创兴资源开发股份有限公司
158,600195.SH,600195,中牧股份,北京,饲料,中牧实业股份有限公司
159,600196.SH,600196,复星医药,上海,化学制药,上海复星医药(集团)股份有限公司
160,600197.SH,600197,伊力特,新疆,白酒,新疆伊力特实业股份有限公司
161,600198.SH,600198,*ST大唐,北京,通信设备,大唐电信科技股份有限公司
162,600199.SH,600199,金种子酒,安徽,白酒,安徽金种子酒业股份有限公司
163,600200.SH,600200,江苏吴中,江苏,化学制药,江苏吴中医药发展股份有限公司
164,600201.SH,600201,生物股份,内蒙,农业综合,金宇生物技术股份有限公司
165,600202.SH,600202,哈空调,黑龙江,电气设备,哈尔滨空调股份有限公司
166,600203.SH,600203,福日电子,福建,元器件,福建福日电子股份有限公司
167,600206.SH,600206,有研新材,北京,半导体,有研新材料股份有限公司
168,600207.SH,600207,安彩高科,河南,供气供热,河南安彩高科股份有限公司
169,600208.SH,600208,新湖中宝,浙江,全国地产,新湖中宝股份有限公司
170,600209.SH,600209,*ST罗顿,海南,装修装饰,罗顿发展股份有限公司
171,600210.SH,600210,紫江企业,上海,广告包装,上海紫江企业集团股份有限公司
172,600211.SH,600211,西藏药业,西藏,中成药,西藏诺迪康药业股份有限公司
173,600212.SH,600212,江泉实业,山东,综合类,山东江泉实业股份有限公司
174,600213.SH,600213,亚星客车,江苏,汽车整车,扬州亚星客车股份有限公司
175,600215.SH,600215,长春经开,吉林,园区开发,长春经开(集团)股份有限公司
176,600216.SH,600216,浙江医药,浙江,化学制药,浙江医药股份有限公司
177,600217.SH,600217,中再资环,陕西,环境保护,中再资源环境股份有限公司
178,600218.SH,600218,全柴动力,安徽,农用机械,安徽全柴动力股份有限公司
179,600219.SH,600219,南山铝业,山东,铝,山东南山铝业股份有限公司
180,600220.SH,600220,江苏阳光,江苏,纺织,江苏阳光股份有限公司
181,600221.SH,600221,*ST海航,海南,空运,海南航空控股股份有限公司
182,600222.SH,600222,太龙药业,河南,中成药,河南太龙药业股份有限公司
183,600223.SH,600223,鲁商发展,山东,区域地产,鲁商健康产业发展股份有限公司
184,600225.SH,600225,*ST松江,天津,区域地产,天津松江股份有限公司
185,600226.SH,600226,ST瀚叶,浙江,互联网,浙江瀚叶股份有限公司
186,600227.SH,600227,圣济堂,贵州,化学制药,贵州圣济堂医药产业股份有限公司
187,600228.SH,600228,返利科技,江西,互联网,返利网数字科技股份有限公司
188,600229.SH,600229,城市传媒,山东,出版业,青岛城市传媒股份有限公司
189,600230.SH,600230,沧州大化,河北,农药化肥,沧州大化股份有限公司
190,600231.SH,600231,凌钢股份,辽宁,普钢,凌源钢铁股份有限公司
191,600232.SH,600232,金鹰股份,浙江,纺织,浙江金鹰股份有限公司
192,600233.SH,600233,圆通速递,辽宁,仓储物流,圆通速递股份有限公司
193,600234.SH,600234,科新发展,山西,综合类,山西科新发展股份有限公司
194,600235.SH,600235,民丰特纸,浙江,造纸,民丰特种纸股份有限公司
195,600236.SH,600236,桂冠电力,广西,水力发电,广西桂冠电力股份有限公司
196,600237.SH,600237,铜峰电子,安徽,元器件,安徽铜峰电子股份有限公司
197,600238.SH,600238,海南椰岛,海南,红黄酒,海南椰岛(集团)股份有限公司
198,600239.SH,600239,*ST云城,云南,区域地产,云南城投置业股份有限公司
199,600241.SH,600241,ST时万,辽宁,商贸代理,辽宁时代万恒股份有限公司
200,600242.SH,600242,ST中昌,广东,软件服务,中昌大数据股份有限公司
201,600243.SH,600243,青海华鼎,青海,机床制造,青海华鼎实业股份有限公司
202,600246.SH,600246,万通发展,北京,区域地产,北京万通新发展集团股份有限公司
203,600248.SH,600248,陕西建工,陕西,建筑工程,陕西建工集团股份有限公司
204,600249.SH,600249,两面针,广西,日用化工,柳州两面针股份有限公司
205,600250.SH,600250,南纺股份,江苏,商贸代理,南京纺织品进出口股份有限公司
206,600251.SH,600251,冠农股份,新疆,农业综合,新疆冠农果茸股份有限公司
207,600252.SH,600252,中恒集团,广西,中成药,广西梧州中恒集团股份有限公司
208,600255.SH,600255,鑫科材料,安徽,铜,安徽鑫科新材料股份有限公司
209,600256.SH,600256,广汇能源,新疆,石油开采,广汇能源股份有限公司
210,600257.SH,600257,大湖股份,湖南,渔业,大湖水殖股份有限公司
211,600258.SH,600258,首旅酒店,北京,酒店餐饮,北京首旅酒店(集团)股份有限公司
212,600259.SH,600259,广晟有色,海南,小金属,广晟有色金属股份有限公司
213,600260.SH,600260,ST凯乐,湖北,通信设备,湖北凯乐科技股份有限公司
214,600261.SH,600261,阳光照明,浙江,家用电器,浙江阳光照明电器集团股份有限公司
215,600262.SH,600262,北方股份,内蒙,汽车整车,内蒙古北方重型汽车股份有限公司
216,600265.SH,600265,*ST景谷,云南,林业,云南景谷林业股份有限公司
217,600266.SH,600266,城建发展,北京,区域地产,北京城建投资发展股份有限公司
218,600267.SH,600267,海正药业,浙江,化学制药,浙江海正药业股份有限公司
219,600268.SH,600268,国电南自,江苏,电气设备,国电南京自动化股份有限公司
220,600269.SH,600269,赣粤高速,江西,路桥,江西赣粤高速公路股份有限公司
221,600271.SH,600271,航天信息,北京,IT设备,航天信息股份有限公司
222,600272.SH,600272,开开实业,上海,医药商业,上海开开实业股份有限公司
223,600273.SH,600273,嘉化能源,浙江,化工原料,浙江嘉化能源化工股份有限公司
224,600275.SH,600275,*ST昌鱼,湖北,农业综合,湖北武昌鱼股份有限公司
225,600276.SH,600276,恒瑞医药,江苏,化学制药,江苏恒瑞医药股份有限公司
226,600277.SH,600277,亿利洁能,内蒙,化工原料,亿利洁能股份有限公司
227,600278.SH,600278,东方创业,上海,商贸代理,东方国际创业股份有限公司
228,600279.SH,600279,重庆港九,重庆,港口,重庆港九股份有限公司
229,600280.SH,600280,中央商场,江苏,百货,南京中央商场(集团)股份有限公司
230,600281.SH,600281,华阳新材,山西,综合类,山西华阳新材料股份有限公司
231,600282.SH,600282,南钢股份,江苏,普钢,南京钢铁股份有限公司
232,600283.SH,600283,钱江水利,浙江,水务,钱江水利开发股份有限公司
233,600284.SH,600284,浦东建设,上海,建筑工程,上海浦东建设股份有限公司
234,600285.SH,600285,羚锐制药,河南,中成药,河南羚锐制药股份有限公司
235,600287.SH,600287,江苏舜天,江苏,商贸代理,江苏舜天股份有限公司
236,600288.SH,600288,大恒科技,北京,软件服务,大恒新纪元科技股份有限公司
237,600289.SH,600289,ST信通,黑龙江,软件服务,亿阳信通股份有限公司
238,600290.SH,600290,ST华仪,浙江,电气设备,华仪电气股份有限公司
239,600291.SH,600291,*ST西水,内蒙,保险,内蒙古西水创业股份有限公司
240,600292.SH,600292,远达环保,重庆,环境保护,国家电投集团远达环保股份有限公司
241,600293.SH,600293,三峡新材,湖北,玻璃,湖北三峡新型建材股份有限公司
242,600295.SH,600295,鄂尔多斯,内蒙,小金属,内蒙古鄂尔多斯资源股份有限公司
243,600297.SH,600297,广汇汽车,辽宁,汽车服务,广汇汽车服务集团股份公司
244,600298.SH,600298,安琪酵母,湖北,食品,安琪酵母股份有限公司
245,600299.SH,600299,安迪苏,北京,化学制药,蓝星安迪苏股份有限公司
246,600300.SH,600300,ST维维,江苏,软饮料,维维食品饮料股份有限公司
247,600301.SH,600301,*ST南化,广西,商贸代理,南宁化工股份有限公司
248,600302.SH,600302,标准股份,陕西,纺织机械,西安标准工业股份有限公司
249,600303.SH,600303,曙光股份,辽宁,汽车整车,辽宁曙光汽车集团股份有限公司
250,600305.SH,600305,恒顺醋业,江苏,食品,江苏恒顺醋业股份有限公司
251,600306.SH,600306,*ST商城,辽宁,百货,沈阳商业城股份有限公司
252,600307.SH,600307,酒钢宏兴,甘肃,普钢,甘肃酒钢集团宏兴钢铁股份有限公司
253,600308.SH,600308,华泰股份,山东,造纸,山东华泰纸业股份有限公司
254,600309.SH,600309,万华化学,山东,化工原料,万华化学集团股份有限公司
255,600310.SH,600310,桂东电力,广西,水力发电,广西桂东电力股份有限公司
256,600311.SH,600311,ST荣华,甘肃,黄金,甘肃荣华实业(集团)股份有限公司
257,600312.SH,600312,平高电气,河南,电气设备,河南平高电气股份有限公司
258,600313.SH,600313,农发种业,北京,种植业,中农发种业集团股份有限公司
259,600315.SH,600315,上海家化,上海,日用化工,上海家化联合股份有限公司
260,600316.SH,600316,洪都航空,江西,航空,江西洪都航空工业股份有限公司
261,600318.SH,600318,新力金融,安徽,多元金融,安徽新力金融股份有限公司
262,600319.SH,600319,*ST亚星,山东,化工原料,潍坊亚星化学股份有限公司
263,600320.SH,600320,振华重工,上海,工程机械,上海振华重工(集团)股份有限公司
264,600321.SH,600321,正源股份,四川,其他建材,正源控股股份有限公司
265,600322.SH,600322,天房发展,天津,区域地产,天津市房地产发展(集团)股份有限公司
266,600323.SH,600323,瀚蓝环境,广东,水务,瀚蓝环境股份有限公司
267,600325.SH,600325,华发股份,广东,区域地产,珠海华发实业股份有限公司
268,600326.SH,600326,西藏天路,西藏,水泥,西藏天路股份有限公司
269,600327.SH,600327,大东方,江苏,汽车服务,无锡商业大厦大东方股份有限公司
270,600328.SH,600328,中盐化工,内蒙,化工原料,中盐内蒙古化工股份有限公司
271,600329.SH,600329,中新药业,天津,中成药,天津中新药业集团股份有限公司
272,600330.SH,600330,天通股份,浙江,元器件,天通控股股份有限公司
273,600331.SH,600331,宏达股份,四川,铅锌,四川宏达股份有限公司
274,600332.SH,600332,白云山,广东,中成药,广州白云山医药集团股份有限公司
275,600333.SH,600333,长春燃气,吉林,供气供热,长春燃气股份有限公司
276,600335.SH,600335,国机汽车,天津,汽车配件,国机汽车股份有限公司
277,600336.SH,600336,澳柯玛,山东,家用电器,澳柯玛股份有限公司
278,600337.SH,600337,美克家居,新疆,家居用品,美克国际家居用品股份有限公司
279,600338.SH,600338,西藏珠峰,西藏,铅锌,西藏珠峰资源股份有限公司
280,600339.SH,600339,中油工程,新疆,石油加工,中国石油集团工程股份有限公司
281,600340.SH,600340,华夏幸福,河北,区域地产,华夏幸福基业股份有限公司
282,600343.SH,600343,航天动力,陕西,航空,陕西航天动力高科技股份有限公司
283,600345.SH,600345,长江通信,湖北,通信设备,武汉长江通信产业集团股份有限公司
284,600346.SH,600346,恒力石化,辽宁,化纤,恒力石化股份有限公司
285,600348.SH,600348,华阳股份,山西,煤炭开采,山西华阳集团新能股份有限公司
286,600350.SH,600350,山东高速,山东,路桥,山东高速股份有限公司
287,600351.SH,600351,亚宝药业,山西,中成药,亚宝药业集团股份有限公司
288,600352.SH,600352,浙江龙盛,浙江,染料涂料,浙江龙盛集团股份有限公司
289,600353.SH,600353,旭光电子,四川,元器件,成都旭光电子股份有限公司
290,600354.SH,600354,敦煌种业,甘肃,种植业,甘肃省敦煌种业集团股份有限公司
291,600355.SH,600355,精伦电子,湖北,元器件,精伦电子股份有限公司
292,600356.SH,600356,恒丰纸业,黑龙江,造纸,牡丹江恒丰纸业股份有限公司
293,600358.SH,600358,国旅联合,江苏,旅游服务,国旅联合股份有限公司
294,600359.SH,600359,新农开发,新疆,农业综合,新疆塔里木农业综合开发股份有限公司
295,600360.SH,600360,华微电子,吉林,半导体,吉林华微电子股份有限公司
296,600361.SH,600361,华联综超,北京,超市连锁,北京华联综合超市股份有限公司
297,600362.SH,600362,江西铜业,江西,铜,江西铜业股份有限公司
298,600363.SH,600363,联创光电,江西,元器件,江西联创光电科技股份有限公司
299,600365.SH,600365,ST通葡,吉林,红黄酒,通化葡萄酒股份有限公司
300,600366.SH,600366,宁波韵升,浙江,矿物制品,宁波韵升股份有限公司
301,600367.SH,600367,红星发展,贵州,化工原料,贵州红星发展股份有限公司
302,600368.SH,600368,五洲交通,广西,路桥,广西五洲交通股份有限公司
303,600369.SH,600369,西南证券,重庆,证券,西南证券股份有限公司
304,600370.SH,600370,三房巷,江苏,化工原料,江苏三房巷聚材股份有限公司
305,600371.SH,600371,万向德农,黑龙江,种植业,万向德农股份有限公司
306,600372.SH,600372,中航电子,北京,航空,中航航空电子系统股份有限公司
307,600373.SH,600373,中文传媒,江西,出版业,中文天地出版传媒集团股份有限公司
308,600375.SH,600375,汉马科技,安徽,汽车整车,汉马科技集团股份有限公司
309,600376.SH,600376,首开股份,北京,区域地产,北京首都开发股份有限公司
310,600377.SH,600377,宁沪高速,江苏,路桥,江苏宁沪高速公路股份有限公司
311,600378.SH,600378,昊华科技,四川,化工原料,昊华化工科技集团股份有限公司
312,600379.SH,600379,宝光股份,陕西,电气设备,陕西宝光真空电器股份有限公司
313,600380.SH,600380,健康元,深圳,化学制药,健康元药业集团股份有限公司
314,600381.SH,600381,青海春天,青海,医疗保健,青海春天药用资源科技股份有限公司
315,600382.SH,600382,*ST广珠,广东,商贸代理,广东明珠集团股份有限公司
316,600383.SH,600383,金地集团,深圳,全国地产,金地(集团)股份有限公司
317,600385.SH,600385,*ST金泰,山东,化学制药,山东金泰集团股份有限公司
318,600386.SH,600386,北巴传媒,北京,汽车服务,北京巴士传媒股份有限公司
319,600387.SH,600387,ST海越,浙江,石油贸易,海越能源集团股份有限公司
320,600388.SH,600388,龙净环保,福建,环境保护,福建龙净环保股份有限公司
321,600389.SH,600389,江山股份,江苏,农药化肥,南通江山农药化工股份有限公司
322,600390.SH,600390,五矿资本,湖南,多元金融,五矿资本股份有限公司
323,600391.SH,600391,航发科技,四川,航空,中国航发航空科技股份有限公司
324,600392.SH,600392,盛和资源,四川,小金属,盛和资源控股股份有限公司
325,600393.SH,600393,ST粤泰,广东,全国地产,广州粤泰集团股份有限公司
326,600395.SH,600395,盘江股份,贵州,煤炭开采,贵州盘江精煤股份有限公司
327,600396.SH,600396,金山股份,辽宁,火力发电,沈阳金山能源股份有限公司
328,600397.SH,600397,安源煤业,江西,煤炭开采,安源煤业集团股份有限公司
329,600398.SH,600398,海澜之家,江苏,服饰,海澜之家集团股份有限公司
330,600399.SH,600399,抚顺特钢,辽宁,特种钢,抚顺特殊钢股份有限公司
331,600400.SH,600400,红豆股份,江苏,服饰,江苏红豆实业股份有限公司
332,600403.SH,600403,ST大有,河南,煤炭开采,河南大有能源股份有限公司
333,600405.SH,600405,动力源,北京,电气设备,北京动力源科技股份有限公司
334,600406.SH,600406,国电南瑞,江苏,电气设备,国电南瑞科技股份有限公司
335,600408.SH,600408,ST安泰,山西,焦炭加工,山西安泰集团股份有限公司
336,600409.SH,600409,三友化工,河北,化工原料,唐山三友化工股份有限公司
337,600410.SH,600410,华胜天成,北京,软件服务,北京华胜天成科技股份有限公司
338,600415.SH,600415,小商品城,浙江,商品城,浙江中国小商品城集团股份有限公司
339,600416.SH,600416,湘电股份,湖南,电气设备,湘潭电机股份有限公司
340,600418.SH,600418,江淮汽车,安徽,汽车整车,安徽江淮汽车集团股份有限公司
341,600419.SH,600419,天润乳业,新疆,乳制品,新疆天润乳业股份有限公司
342,600420.SH,600420,国药现代,上海,化学制药,上海现代制药股份有限公司
343,600421.SH,600421,华嵘控股,湖北,综合类,湖北华嵘控股股份有限公司
344,600422.SH,600422,昆药集团,云南,中成药,昆药集团股份有限公司
345,600423.SH,600423,柳化股份,广西,农药化肥,柳州化工股份有限公司
346,600425.SH,600425,青松建化,新疆,水泥,新疆青松建材化工(集团)股份有限公司
347,600426.SH,600426,华鲁恒升,山东,农药化肥,山东华鲁恒升化工股份有限公司
348,600428.SH,600428,中远海特,广东,水运,中远海运特种运输股份有限公司
349,600429.SH,600429,三元股份,北京,乳制品,北京三元食品股份有限公司
350,600433.SH,600433,冠豪高新,广东,造纸,广东冠豪高新技术股份有限公司
351,600435.SH,600435,北方导航,北京,专用机械,北方导航控制技术股份有限公司
352,600436.SH,600436,片仔癀,福建,中成药,漳州片仔癀药业股份有限公司
353,600438.SH,600438,通威股份,四川,电气设备,通威股份有限公司
354,600439.SH,600439,瑞贝卡,河南,服饰,河南瑞贝卡发制品股份有限公司
355,600444.SH,600444,国机通用,安徽,专用机械,国机通用机械科技股份有限公司
356,600446.SH,600446,金证股份,深圳,软件服务,深圳市金证科技股份有限公司
357,600448.SH,600448,华纺股份,山东,纺织,华纺股份有限公司
358,600449.SH,600449,宁夏建材,宁夏,水泥,宁夏建材集团股份有限公司
359,600452.SH,600452,涪陵电力,重庆,水力发电,重庆涪陵电力实业股份有限公司
360,600455.SH,600455,博通股份,陕西,文教休闲,西安博通资讯股份有限公司
361,600456.SH,600456,宝钛股份,陕西,小金属,宝鸡钛业股份有限公司
362,600458.SH,600458,时代新材,湖南,塑料,株洲时代新材料科技股份有限公司
363,600459.SH,600459,贵研铂业,云南,小金属,贵研铂业股份有限公司
364,600460.SH,600460,士兰微,浙江,半导体,杭州士兰微电子股份有限公司
365,600461.SH,600461,洪城环境,江西,水务,江西洪城环境股份有限公司
366,600462.SH,600462,ST九有,湖北,广告包装,湖北九有投资股份有限公司
367,600463.SH,600463,空港股份,北京,园区开发,北京空港科技园区股份有限公司
368,600466.SH,600466,蓝光发展,四川,区域地产,四川蓝光发展股份有限公司
369,600467.SH,600467,好当家,山东,渔业,山东好当家海洋发展股份有限公司
370,600468.SH,600468,百利电气,天津,电气设备,天津百利特精电气股份有限公司
371,600469.SH,600469,风神股份,河南,汽车配件,风神轮胎股份有限公司
372,600470.SH,600470,六国化工,安徽,农药化肥,安徽六国化工股份有限公司
373,600475.SH,600475,华光环能,江苏,环境保护,无锡华光环保能源集团股份有限公司
374,600476.SH,600476,湘邮科技,湖南,软件服务,湖南湘邮科技股份有限公司
375,600477.SH,600477,杭萧钢构,浙江,钢加工,杭萧钢构股份有限公司
376,600478.SH,600478,科力远,湖南,元器件,湖南科力远新能源股份有限公司
377,600479.SH,600479,千金药业,湖南,中成药,株洲千金药业股份有限公司
378,600480.SH,600480,凌云股份,河北,汽车配件,凌云工业股份有限公司
379,600481.SH,600481,双良节能,江苏,环境保护,双良节能系统股份有限公司
380,600482.SH,600482,中国动力,河北,电气设备,中国船舶重工集团动力股份有限公司
381,600483.SH,600483,福能股份,福建,火力发电,福建福能股份有限公司
382,600486.SH,600486,扬农化工,江苏,农药化肥,江苏扬农化工股份有限公司
383,600487.SH,600487,亨通光电,江苏,通信设备,江苏亨通光电股份有限公司
384,600488.SH,600488,天药股份,天津,化学制药,天津天药药业股份有限公司
385,600489.SH,600489,中金黄金,北京,黄金,中金黄金股份有限公司
386,600490.SH,600490,鹏欣资源,上海,铜,鹏欣环球资源股份有限公司
387,600491.SH,600491,龙元建设,浙江,建筑工程,龙元建设集团股份有限公司
388,600493.SH,600493,凤竹纺织,福建,纺织,福建凤竹纺织科技股份有限公司
389,600495.SH,600495,晋西车轴,山西,运输设备,晋西车轴股份有限公司
390,600496.SH,600496,精工钢构,安徽,钢加工,长江精工钢结构(集团)股份有限公司
391,600497.SH,600497,驰宏锌锗,云南,铅锌,云南驰宏锌锗股份有限公司
392,600498.SH,600498,烽火通信,湖北,通信设备,烽火通信科技股份有限公司
393,600499.SH,600499,科达制造,广东,专用机械,科达制造股份有限公司
394,600500.SH,600500,中化国际,上海,商贸代理,中化国际(控股)股份有限公司
395,600501.SH,600501,航天晨光,江苏,汽车配件,航天晨光股份有限公司
396,600502.SH,600502,安徽建工,安徽,建筑工程,安徽建工集团股份有限公司
397,600503.SH,600503,华丽家族,上海,区域地产,华丽家族股份有限公司
398,600505.SH,600505,西昌电力,四川,水力发电,四川西昌电力股份有限公司
399,600506.SH,600506,*ST香梨,新疆,种植业,新疆库尔勒香梨股份有限公司
400,600507.SH,600507,方大特钢,江西,特种钢,方大特钢科技股份有限公司
401,600508.SH,600508,上海能源,上海,煤炭开采,上海大屯能源股份有限公司
402,600509.SH,600509,天富能源,新疆,火力发电,新疆天富能源股份有限公司
403,600510.SH,600510,黑牡丹,江苏,全国地产,黑牡丹(集团)股份有限公司
404,600511.SH,600511,国药股份,北京,医药商业,国药集团药业股份有限公司
405,600512.SH,600512,腾达建设,浙江,建筑工程,腾达建设集团股份有限公司
406,600513.SH,600513,联环药业,江苏,化学制药,江苏联环药业股份有限公司
407,600515.SH,600515,*ST基础,海南,全国地产,海航基础设施投资集团股份有限公司
408,600516.SH,600516,方大炭素,甘肃,矿物制品,方大炭素新材料科技股份有限公司
409,600517.SH,600517,国网英大,上海,电气设备,国网英大股份有限公司
410,600518.SH,600518,*ST康美,广东,中成药,康美药业股份有限公司
411,600519.SH,600519,贵州茅台,贵州,白酒,贵州茅台酒股份有限公司
412,600520.SH,600520,文一科技,安徽,机械基件,文一三佳科技股份有限公司
413,600521.SH,600521,华海药业,浙江,化学制药,浙江华海药业股份有限公司
414,600522.SH,600522,中天科技,江苏,通信设备,江苏中天科技股份有限公司
415,600523.SH,600523,贵航股份,贵州,汽车配件,贵州贵航汽车零部件股份有限公司
416,600525.SH,600525,长园集团,深圳,电气设备,长园科技集团股份有限公司
417,600526.SH,600526,菲达环保,浙江,环境保护,浙江菲达环保科技股份有限公司
418,600527.SH,600527,江南高纤,江苏,化纤,江苏江南高纤股份有限公司
419,600528.SH,600528,中铁工业,北京,运输设备,中铁高新工业股份有限公司
420,600529.SH,600529,山东药玻,山东,医疗保健,山东省药用玻璃股份有限公司
421,600530.SH,600530,交大昂立,上海,医疗保健,上海交大昂立股份有限公司
422,600531.SH,600531,豫光金铅,河南,铅锌,河南豫光金铅股份有限公司
423,600532.SH,600532,未来股份,上海,医疗保健,上海智汇未来医疗服务股份有限公司
424,600533.SH,600533,栖霞建设,江苏,区域地产,南京栖霞建设股份有限公司
425,600535.SH,600535,天士力,天津,中成药,天士力医药集团股份有限公司
426,600536.SH,600536,中国软件,北京,软件服务,中国软件与技术服务股份有限公司
427,600537.SH,600537,亿晶光电,浙江,电气设备,亿晶光电科技股份有限公司
428,600538.SH,600538,国发股份,广西,医药商业,北海国发川山生物股份有限公司
429,600539.SH,600539,狮头股份,山西,水泥,太原狮头水泥股份有限公司
430,600540.SH,600540,新赛股份,新疆,种植业,新疆赛里木现代农业股份有限公司
431,600543.SH,600543,莫高股份,甘肃,红黄酒,甘肃莫高实业发展股份有限公司
432,600545.SH,600545,卓郎智能,新疆,纺织机械,卓郎智能技术股份有限公司
433,600546.SH,600546,山煤国际,山西,煤炭开采,山煤国际能源集团股份有限公司
434,600547.SH,600547,山东黄金,山东,黄金,山东黄金矿业股份有限公司
435,600548.SH,600548,深高速,深圳,路桥,深圳高速公路股份有限公司
436,600549.SH,600549,厦门钨业,福建,小金属,厦门钨业股份有限公司
437,600550.SH,600550,保变电气,河北,电气设备,保定天威保变电气股份有限公司
438,600551.SH,600551,时代出版,安徽,出版业,时代出版传媒股份有限公司
439,600552.SH,600552,凯盛科技,安徽,玻璃,凯盛科技股份有限公司
440,600555.SH,600555,*ST海创,海南,旅游服务,海航创新股份有限公司
441,600556.SH,600556,天下秀,广西,互联网,天下秀数字科技(集团)股份有限公司
442,600557.SH,600557,康缘药业,江苏,中成药,江苏康缘药业股份有限公司
443,600558.SH,600558,大西洋,四川,钢加工,四川大西洋焊接材料股份有限公司
444,600559.SH,600559,老白干酒,河北,白酒,河北衡水老白干酒业股份有限公司
445,600560.SH,600560,金自天正,北京,电气设备,北京金自天正智能控制股份有限公司
446,600561.SH,600561,江西长运,江西,公共交通,江西长运股份有限公司
447,600562.SH,600562,国睿科技,江苏,通信设备,国睿科技股份有限公司
448,600563.SH,600563,法拉电子,福建,元器件,厦门法拉电子股份有限公司
449,600565.SH,600565,迪马股份,重庆,全国地产,重庆市迪马实业股份有限公司
450,600566.SH,600566,济川药业,湖北,中成药,湖北济川药业股份有限公司
451,600567.SH,600567,山鹰国际,安徽,造纸,山鹰国际控股股份公司
452,600568.SH,600568,ST中珠,湖北,区域地产,中珠医疗控股股份有限公司
453,600569.SH,600569,安阳钢铁,河南,普钢,安阳钢铁股份有限公司
454,600570.SH,600570,恒生电子,浙江,软件服务,恒生电子股份有限公司
455,600571.SH,600571,信雅达,浙江,软件服务,信雅达科技股份有限公司
456,600572.SH,600572,康恩贝,浙江,中成药,浙江康恩贝制药股份有限公司
457,600573.SH,600573,惠泉啤酒,福建,啤酒,福建省燕京惠泉啤酒股份有限公司
458,600575.SH,600575,淮河能源,安徽,水运,淮河能源(集团)股份有限公司
459,600576.SH,600576,祥源文化,浙江,影视音像,浙江祥源文化股份有限公司
460,600577.SH,600577,精达股份,安徽,电气设备,铜陵精达特种电磁线股份有限公司
461,600578.SH,600578,京能电力,北京,火力发电,北京京能电力股份有限公司
462,600579.SH,600579,克劳斯,山东,化工机械,克劳斯玛菲股份有限公司
463,600580.SH,600580,卧龙电驱,浙江,电气设备,卧龙电气驱动集团股份有限公司
464,600581.SH,600581,八一钢铁,新疆,普钢,新疆八一钢铁股份有限公司
465,600582.SH,600582,天地科技,北京,工程机械,天地科技股份有限公司
466,600583.SH,600583,海油工程,天津,石油开采,海洋石油工程股份有限公司
467,600584.SH,600584,长电科技,江苏,半导体,江苏长电科技股份有限公司
468,600585.SH,600585,海螺水泥,安徽,水泥,安徽海螺水泥股份有限公司
469,600586.SH,600586,金晶科技,山东,玻璃,山东金晶科技股份有限公司
470,600587.SH,600587,新华医疗,山东,医疗保健,山东新华医疗器械股份有限公司
471,600588.SH,600588,用友网络,北京,软件服务,用友网络科技股份有限公司
472,600589.SH,600589,ST榕泰,广东,塑料,广东榕泰实业股份有限公司
473,600590.SH,600590,泰豪科技,江西,电气设备,泰豪科技股份有限公司
474,600592.SH,600592,龙溪股份,福建,机械基件,福建龙溪轴承(集团)股份有限公司
475,600593.SH,600593,*ST圣亚,辽宁,旅游服务,大连圣亚旅游控股股份有限公司
476,600594.SH,600594,益佰制药,贵州,中成药,贵州益佰制药股份有限公司
477,600595.SH,600595,*ST中孚,河南,铝,河南中孚实业股份有限公司
478,600596.SH,600596,新安股份,浙江,化工原料,浙江新安化工集团股份有限公司
479,600597.SH,600597,光明乳业,上海,乳制品,光明乳业股份有限公司
480,600598.SH,600598,北大荒,黑龙江,种植业,黑龙江北大荒农业股份有限公司
481,600599.SH,600599,ST熊猫,湖南,多元金融,熊猫金控股份有限公司
482,600600.SH,600600,青岛啤酒,山东,啤酒,青岛啤酒股份有限公司
483,600601.SH,600601,ST方科,上海,IT设备,方正科技集团股份有限公司
484,600602.SH,600602,云赛智联,上海,软件服务,云赛智联股份有限公司
485,600603.SH,600603,广汇物流,四川,仓储物流,广汇物流股份有限公司
486,600604.SH,600604,市北高新,上海,园区开发,上海市北高新股份有限公司
487,600605.SH,600605,汇通能源,上海,房产服务,上海汇通能源股份有限公司
488,600606.SH,600606,绿地控股,上海,全国地产,绿地控股集团股份有限公司
489,600608.SH,600608,ST沪科,上海,钢加工,上海宽频科技股份有限公司
490,600609.SH,600609,金杯汽车,辽宁,汽车配件,金杯汽车股份有限公司
491,600610.SH,600610,中毅达,上海,化工原料,上海中毅达股份有限公司
492,600611.SH,600611,大众交通,上海,公共交通,大众交通(集团)股份有限公司
493,600612.SH,600612,老凤祥,上海,服饰,老凤祥股份有限公司
494,600613.SH,600613,神奇制药,上海,中成药,上海神奇制药投资管理股份有限公司
495,600615.SH,600615,*ST丰华,上海,小金属,上海丰华(集团)股份有限公司
496,600616.SH,600616,金枫酒业,上海,红黄酒,上海金枫酒业股份有限公司
497,600617.SH,600617,国新能源,山西,供气供热,山西省国新能源股份有限公司
498,600618.SH,600618,氯碱化工,上海,化工原料,上海氯碱化工股份有限公司
499,600619.SH,600619,海立股份,上海,机械基件,上海海立(集团)股份有限公司
500,600620.SH,600620,天宸股份,上海,综合类,上海市天宸股份有限公司
501,600621.SH,600621,华鑫股份,上海,证券,上海华鑫股份有限公司
502,600622.SH,600622,光大嘉宝,上海,区域地产,光大嘉宝股份有限公司
503,600623.SH,600623,华谊集团,上海,汽车配件,上海华谊集团股份有限公司
504,600624.SH,600624,复旦复华,上海,化学制药,上海复旦复华科技股份有限公司
505,600626.SH,600626,申达股份,上海,纺织,上海申达股份有限公司
506,600628.SH,600628,新世界,上海,百货,上海新世界股份有限公司
507,600629.SH,600629,华建集团,上海,建筑工程,华东建筑集团股份有限公司
508,600630.SH,600630,龙头股份,上海,纺织,上海龙头(集团)股份有限公司
509,600633.SH,600633,浙数文化,浙江,互联网,浙报数字文化集团股份有限公司
510,600635.SH,600635,大众公用,上海,供气供热,上海大众公用事业(集团)股份有限公司
511,600636.SH,600636,国新文化,上海,软件服务,国新文化控股股份有限公司
512,600637.SH,600637,东方明珠,上海,影视音像,东方明珠新媒体股份有限公司
513,600638.SH,600638,新黄浦,上海,区域地产,上海新黄浦实业集团股份有限公司
514,600639.SH,600639,浦东金桥,上海,园区开发,上海金桥出口加工区开发股份有限公司
515,600640.SH,600640,新国脉,上海,影视音像,新国脉数字文化股份有限公司
516,600641.SH,600641,万业企业,上海,区域地产,上海万业企业股份有限公司
517,600642.SH,600642,申能股份,上海,火力发电,申能股份有限公司
518,600643.SH,600643,爱建集团,上海,多元金融,上海爱建集团股份有限公司
519,600644.SH,600644,乐山电力,四川,水力发电,乐山电力股份有限公司
520,600645.SH,600645,中源协和,天津,生物制药,中源协和细胞基因工程股份有限公司
521,600647.SH,600647,同达创业,上海,综合类,上海同达创业投资股份有限公司
522,600648.SH,600648,外高桥,上海,园区开发,上海外高桥集团股份有限公司
523,600649.SH,600649,城投控股,上海,区域地产,上海城投控股股份有限公司
524,600650.SH,600650,锦江在线,上海,公共交通,上海锦江在线网络服务股份有限公司
525,600651.SH,600651,飞乐音响,上海,电器仪表,上海飞乐音响股份有限公司
526,600652.SH,600652,*ST游久,上海,互联网,上海游久游戏股份有限公司
527,600653.SH,600653,申华控股,辽宁,汽车服务,辽宁申华控股股份有限公司
528,600654.SH,600654,ST中安,上海,软件服务,中安科股份有限公司
529,600655.SH,600655,豫园股份,上海,百货,上海豫园旅游商城(集团)股份有限公司
530,600657.SH,600657,信达地产,北京,全国地产,信达地产股份有限公司
531,600658.SH,600658,电子城,北京,园区开发,北京电子城高科技集团股份有限公司
532,600660.SH,600660,福耀玻璃,福建,汽车配件,福耀玻璃工业集团股份有限公司
533,600661.SH,600661,昂立教育,上海,文教休闲,上海新南洋昂立教育科技股份有限公司
534,600662.SH,600662,强生控股,上海,公共交通,上海外服控股集团股份有限公司
535,600663.SH,600663,陆家嘴,上海,园区开发,上海陆家嘴金融贸易区开发股份有限公司
536,600664.SH,600664,哈药股份,黑龙江,化学制药,哈药集团股份有限公司
537,600665.SH,600665,天地源,陕西,全国地产,天地源股份有限公司
538,600666.SH,600666,ST瑞德,黑龙江,元器件,奥瑞德光电股份有限公司
539,600667.SH,600667,太极实业,江苏,半导体,无锡市太极实业股份有限公司
540,600668.SH,600668,尖峰集团,浙江,水泥,浙江尖峰集团股份有限公司
541,600671.SH,600671,ST目药,浙江,中成药,杭州天目山药业股份有限公司
542,600673.SH,600673,东阳光,广东,铝,广东东阳光科技控股股份有限公司
543,600674.SH,600674,川投能源,四川,水力发电,四川川投能源股份有限公司
544,600675.SH,600675,中华企业,上海,区域地产,中华企业股份有限公司
545,600676.SH,600676,交运股份,上海,公共交通,上海交运集团股份有限公司
546,600678.SH,600678,四川金顶,四川,水泥,四川金顶(集团)股份有限公司
547,600679.SH,600679,上海凤凰,上海,文教休闲,上海凤凰企业(集团)股份有限公司
548,600681.SH,600681,百川能源,湖北,供气供热,百川能源股份有限公司
549,600682.SH,600682,南京新百,江苏,百货,南京新街口百货商店股份有限公司
550,600683.SH,600683,京投发展,浙江,区域地产,京投发展股份有限公司
551,600684.SH,600684,珠江股份,广东,全国地产,广州珠江实业开发股份有限公司
552,600685.SH,600685,中船防务,广东,船舶,中船海洋与防务装备股份有限公司
553,600686.SH,600686,金龙汽车,福建,汽车整车,厦门金龙汽车集团股份有限公司
554,600688.SH,600688,上海石化,上海,石油加工,中国石化上海石油化工股份有限公司
555,600689.SH,600689,上海三毛,上海,纺织,上海三毛企业(集团)股份有限公司
556,600690.SH,600690,海尔智家,山东,家用电器,海尔智家股份有限公司
557,600691.SH,600691,阳煤化工,山西,农药化肥,阳煤化工股份有限公司
558,600692.SH,600692,亚通股份,上海,房产服务,上海亚通股份有限公司
559,600693.SH,600693,东百集团,福建,百货,福建东百集团股份有限公司
560,600694.SH,600694,大商股份,辽宁,百货,大商股份有限公司
561,600695.SH,600695,*ST绿庭,上海,多元金融,上海绿庭投资控股集团股份有限公司
562,600696.SH,600696,岩石股份,上海,区域地产,上海贵酒股份有限公司
563,600697.SH,600697,欧亚集团,吉林,百货,长春欧亚集团股份有限公司
564,600698.SH,600698,湖南天雁,湖南,汽车配件,湖南天雁机械股份有限公司
565,600699.SH,600699,均胜电子,浙江,汽车配件,宁波均胜电子股份有限公司
566,600702.SH,600702,舍得酒业,四川,白酒,舍得酒业股份有限公司
567,600703.SH,600703,三安光电,湖北,半导体,三安光电股份有限公司
568,600704.SH,600704,物产中大,浙江,商贸代理,物产中大集团股份有限公司
569,600705.SH,600705,中航产融,黑龙江,多元金融,中航工业产融控股股份有限公司
570,600706.SH,600706,曲江文旅,陕西,旅游服务,西安曲江文化旅游股份有限公司
571,600707.SH,600707,彩虹股份,陕西,元器件,彩虹显示器件股份有限公司
572,600708.SH,600708,光明地产,上海,全国地产,光明房地产集团股份有限公司
573,600710.SH,600710,苏美达,江苏,工程机械,苏美达股份有限公司
574,600711.SH,600711,盛屯矿业,福建,小金属,盛屯矿业集团股份有限公司
575,600712.SH,600712,南宁百货,广西,百货,南宁百货大楼股份有限公司
576,600713.SH,600713,南京医药,江苏,医药商业,南京医药股份有限公司
577,600714.SH,600714,金瑞矿业,青海,化工原料,青海金瑞矿业发展股份有限公司
578,600715.SH,600715,文投控股,辽宁,影视音像,文投控股股份有限公司
579,600716.SH,600716,凤凰股份,江苏,区域地产,江苏凤凰置业投资股份有限公司
580,600717.SH,600717,天津港,天津,港口,天津港股份有限公司
581,600718.SH,600718,东软集团,辽宁,软件服务,东软集团股份有限公司
582,600719.SH,600719,大连热电,辽宁,供气供热,大连热电股份有限公司
583,600720.SH,600720,祁连山,甘肃,水泥,甘肃祁连山水泥集团股份有限公司
584,600721.SH,600721,*ST百花,新疆,生物制药,新疆百花村医药集团股份有限公司
585,600722.SH,600722,金牛化工,河北,化工原料,河北金牛化工股份有限公司
586,600723.SH,600723,首商股份,北京,百货,北京首商集团股份有限公司
587,600724.SH,600724,宁波富达,浙江,水泥,宁波富达股份有限公司
588,600725.SH,600725,云维股份,云南,焦炭加工,云南云维股份有限公司
589,600726.SH,600726,华电能源,黑龙江,火力发电,华电能源股份有限公司
590,600727.SH,600727,鲁北化工,山东,化工原料,山东鲁北化工股份有限公司
591,600728.SH,600728,佳都科技,广东,软件服务,佳都科技集团股份有限公司
592,600729.SH,600729,重庆百货,重庆,百货,重庆百货大楼股份有限公司
593,600730.SH,600730,中国高科,北京,综合类,中国高科集团股份有限公司
594,600731.SH,600731,湖南海利,湖南,农药化肥,湖南海利化工股份有限公司
595,600732.SH,600732,爱旭股份,上海,电气设备,上海爱旭新能源股份有限公司
596,600733.SH,600733,北汽蓝谷,北京,汽车整车,北汽蓝谷新能源科技股份有限公司
597,600734.SH,600734,*ST实达,福建,IT设备,福建实达集团股份有限公司
598,600735.SH,600735,新华锦,山东,商贸代理,山东新华锦国际股份有限公司
599,600736.SH,600736,苏州高新,江苏,园区开发,苏州新区高新技术产业股份有限公司
600,600737.SH,600737,中粮糖业,新疆,食品,中粮糖业控股股份有限公司
601,600738.SH,600738,丽尚国潮,甘肃,百货,兰州丽尚国潮实业集团股份有限公司
602,600739.SH,600739,辽宁成大,辽宁,商贸代理,辽宁成大股份有限公司
603,600740.SH,600740,山西焦化,山西,焦炭加工,山西焦化股份有限公司
604,600741.SH,600741,华域汽车,上海,汽车配件,华域汽车系统股份有限公司
605,600742.SH,600742,一汽富维,吉林,汽车配件,长春一汽富维汽车零部件股份有限公司
606,600743.SH,600743,华远地产,北京,区域地产,华远地产股份有限公司
607,600744.SH,600744,华银电力,湖南,火力发电,大唐华银电力股份有限公司
608,600745.SH,600745,闻泰科技,湖北,通信设备,闻泰科技股份有限公司
609,600746.SH,600746,江苏索普,江苏,化工原料,江苏索普化工股份有限公司
610,600748.SH,600748,上实发展,上海,全国地产,上海实业发展股份有限公司
611,600749.SH,600749,西藏旅游,西藏,旅游景点,西藏旅游股份有限公司
612,600750.SH,600750,江中药业,江西,中成药,江中药业股份有限公司
613,600751.SH,600751,海航科技,天津,软件服务,海航科技股份有限公司
614,600753.SH,600753,东方银星,福建,商贸代理,福建东方银星投资股份有限公司
615,600754.SH,600754,锦江酒店,上海,酒店餐饮,上海锦江国际酒店股份有限公司
616,600755.SH,600755,厦门国贸,福建,商贸代理,厦门国贸集团股份有限公司
617,600756.SH,600756,浪潮软件,山东,软件服务,浪潮软件股份有限公司
618,600757.SH,600757,长江传媒,湖北,出版业,长江出版传媒股份有限公司
619,600758.SH,600758,辽宁能源,辽宁,煤炭开采,辽宁能源煤电产业股份有限公司
620,600759.SH,600759,洲际油气,海南,石油开采,洲际油气股份有限公司
621,600760.SH,600760,中航沈飞,山东,航空,中航沈飞股份有限公司
622,600761.SH,600761,安徽合力,安徽,工程机械,安徽合力股份有限公司
623,600763.SH,600763,通策医疗,浙江,医疗保健,通策医疗股份有限公司
624,600764.SH,600764,中国海防,北京,通信设备,中国船舶重工集团海洋防务与信息对抗股份有限公司
625,600765.SH,600765,中航重机,贵州,航空,中航重机股份有限公司
626,600766.SH,600766,*ST园城,山东,黄金,烟台园城黄金股份有限公司
627,600767.SH,600767,运盛医疗,四川,医疗保健,运盛(成都)医疗科技股份有限公司
628,600768.SH,600768,宁波富邦,浙江,铝,宁波富邦精业集团股份有限公司
629,600769.SH,600769,祥龙电业,湖北,建筑工程,武汉祥龙电业股份有限公司
630,600770.SH,600770,综艺股份,江苏,综合类,江苏综艺股份有限公司
631,600771.SH,600771,广誉远,山西,中成药,广誉远中药股份有限公司
632,600773.SH,600773,西藏城投,西藏,区域地产,西藏城市发展投资股份有限公司
633,600774.SH,600774,汉商集团,湖北,百货,汉商集团股份有限公司
634,600775.SH,600775,南京熊猫,江苏,通信设备,南京熊猫电子股份有限公司
635,600776.SH,600776,东方通信,浙江,通信设备,东方通信股份有限公司
636,600777.SH,600777,新潮能源,山东,石油开采,山东新潮能源股份有限公司
637,600778.SH,600778,友好集团,新疆,百货,新疆友好(集团)股份有限公司
638,600779.SH,600779,水井坊,四川,白酒,四川水井坊股份有限公司
639,600780.SH,600780,通宝能源,山西,火力发电,山西通宝能源股份有限公司
640,600781.SH,600781,ST辅仁,河南,中成药,辅仁药业集团制药股份有限公司
641,600782.SH,600782,新钢股份,江西,普钢,新余钢铁股份有限公司
642,600783.SH,600783,鲁信创投,山东,多元金融,鲁信创业投资集团股份有限公司
643,600784.SH,600784,鲁银投资,山东,综合类,鲁银投资集团股份有限公司
644,600785.SH,600785,新华百货,宁夏,百货,银川新华百货商业集团股份有限公司
645,600787.SH,600787,中储股份,天津,仓储物流,中储发展股份有限公司
646,600789.SH,600789,鲁抗医药,山东,化学制药,山东鲁抗医药股份有限公司
647,600790.SH,600790,轻纺城,浙江,商品城,浙江中国轻纺城集团股份有限公司
648,600791.SH,600791,京能置业,北京,全国地产,京能置业股份有限公司
649,600792.SH,600792,云煤能源,云南,焦炭加工,云南煤业能源股份有限公司
650,600793.SH,600793,宜宾纸业,四川,造纸,宜宾纸业股份有限公司
651,600794.SH,600794,保税科技,江苏,仓储物流,张家港保税科技(集团)股份有限公司
652,600795.SH,600795,国电电力,辽宁,火力发电,国电电力发展股份有限公司
653,600796.SH,600796,钱江生化,浙江,农药化肥,浙江钱江生物化学股份有限公司
654,600797.SH,600797,浙大网新,浙江,软件服务,浙大网新科技股份有限公司
655,600798.SH,600798,宁波海运,浙江,水运,宁波海运股份有限公司
656,600800.SH,600800,渤海化学,天津,化工原料,天津渤海化学股份有限公司
657,600801.SH,600801,华新水泥,湖北,水泥,华新水泥股份有限公司
658,600802.SH,600802,福建水泥,福建,水泥,福建水泥股份有限公司
659,600803.SH,600803,新奥股份,河北,供气供热,新奥天然气股份有限公司
660,600804.SH,600804,鹏博士,四川,电信运营,鹏博士电信传媒集团股份有限公司
661,600805.SH,600805,悦达投资,江苏,综合类,江苏悦达投资股份有限公司
662,600807.SH,600807,济南高新,山东,区域地产,济南高新发展股份有限公司
663,600808.SH,600808,马钢股份,安徽,普钢,马鞍山钢铁股份有限公司
664,600809.SH,600809,山西汾酒,山西,白酒,山西杏花村汾酒厂股份有限公司
665,600810.SH,600810,神马股份,河南,化纤,神马实业股份有限公司
666,600811.SH,600811,东方集团,黑龙江,农业综合,东方集团股份有限公司
667,600812.SH,600812,华北制药,河北,化学制药,华北制药股份有限公司
668,600814.SH,600814,杭州解百,浙江,百货,杭州解百集团股份有限公司
669,600815.SH,600815,厦工股份,福建,工程机械,厦门厦工机械股份有限公司
670,600816.SH,600816,ST安信,上海,多元金融,安信信托股份有限公司
671,600817.SH,600817,宇通重工,河南,专用机械,宇通重工股份有限公司
672,600818.SH,600818,中路股份,上海,文教休闲,中路股份有限公司
673,600819.SH,600819,耀皮玻璃,上海,玻璃,上海耀皮玻璃集团股份有限公司
674,600820.SH,600820,隧道股份,上海,建筑工程,上海隧道工程股份有限公司
675,600821.SH,600821,金开新能,天津,新型电力,金开新能源股份有限公司
676,600822.SH,600822,上海物贸,上海,商贸代理,上海物资贸易股份有限公司
677,600823.SH,600823,世茂股份,上海,全国地产,上海世茂股份有限公司
678,600824.SH,600824,益民集团,上海,百货,上海益民商业集团股份有限公司
679,600825.SH,600825,新华传媒,上海,出版业,上海新华传媒股份有限公司
680,600826.SH,600826,兰生股份,上海,商贸代理,东浩兰生会展集团股份有限公司
681,600827.SH,600827,百联股份,上海,超市连锁,上海百联集团股份有限公司
682,600828.SH,600828,茂业商业,四川,百货,茂业商业股份有限公司
683,600829.SH,600829,人民同泰,黑龙江,医药商业,哈药集团人民同泰医药股份有限公司
684,600830.SH,600830,香溢融通,浙江,多元金融,香溢融通控股集团股份有限公司
685,600831.SH,600831,广电网络,陕西,影视音像,陕西广电网络传媒(集团)股份有限公司
686,600833.SH,600833,第一医药,上海,医药商业,上海第一医药股份有限公司
687,600834.SH,600834,申通地铁,上海,公共交通,上海申通地铁股份有限公司
688,600835.SH,600835,上海机电,上海,运输设备,上海机电股份有限公司
689,600836.SH,600836,上海易连,上海,广告包装,上海易连实业集团股份有限公司
690,600837.SH,600837,海通证券,上海,证券,海通证券股份有限公司
691,600838.SH,600838,上海九百,上海,百货,上海九百股份有限公司
692,600839.SH,600839,四川长虹,四川,家用电器,四川长虹电器股份有限公司
693,600841.SH,600841,上柴股份,上海,机械基件,上海柴油机股份有限公司
694,600843.SH,600843,上工申贝,上海,纺织机械,上工申贝(集团)股份有限公司
695,600844.SH,600844,丹化科技,江苏,化工原料,丹化化工科技股份有限公司
696,600845.SH,600845,宝信软件,上海,软件服务,上海宝信软件股份有限公司
697,600846.SH,600846,同济科技,上海,建筑工程,上海同济科技实业股份有限公司
698,600847.SH,600847,万里股份,重庆,电气设备,重庆万里新能源股份有限公司
699,600848.SH,600848,上海临港,上海,园区开发,上海临港控股股份有限公司
700,600850.SH,600850,电科数字,上海,软件服务,中电科数字技术股份有限公司
701,600851.SH,600851,海欣股份,上海,化学制药,上海海欣集团股份有限公司
702,600853.SH,600853,龙建股份,黑龙江,建筑工程,龙建路桥股份有限公司
703,600854.SH,600854,春兰股份,江苏,家用电器,江苏春兰制冷设备股份有限公司
704,600855.SH,600855,航天长峰,北京,专用机械,北京航天长峰股份有限公司
705,600856.SH,600856,ST中天,北京,供气供热,中兴天恒能源科技(北京)股份公司
706,600857.SH,600857,宁波中百,浙江,百货,宁波中百股份有限公司
707,600858.SH,600858,银座股份,山东,百货,银座集团股份有限公司
708,600859.SH,600859,王府井,北京,百货,王府井集团股份有限公司
709,600860.SH,600860,京城股份,北京,专用机械,北京京城机电股份有限公司
710,600861.SH,600861,北京城乡,北京,百货,北京城乡商业(集团)股份有限公司
711,600862.SH,600862,中航高科,江苏,航空,中航航空高科技股份有限公司
712,600863.SH,600863,内蒙华电,内蒙,火力发电,内蒙古蒙电华能热电股份有限公司
713,600864.SH,600864,哈投股份,黑龙江,证券,哈尔滨哈投投资股份有限公司
714,600865.SH,600865,百大集团,浙江,百货,百大集团股份有限公司
715,600866.SH,600866,星湖科技,广东,食品,广东肇庆星湖生物科技股份有限公司
716,600867.SH,600867,通化东宝,吉林,生物制药,通化东宝药业股份有限公司
717,600868.SH,600868,梅雁吉祥,广东,水力发电,广东梅雁吉祥水电股份有限公司
718,600869.SH,600869,远东股份,青海,电气设备,远东智慧能源股份有限公司
719,600870.SH,600870,*ST厦华,福建,家用电器,厦门华侨电子股份有限公司
720,600871.SH,600871,石化油服,北京,石油开采,中石化石油工程技术服务股份有限公司
721,600872.SH,600872,中炬高新,广东,食品,中炬高新技术实业(集团)股份有限公司
722,600873.SH,600873,梅花生物,西藏,食品,梅花生物科技集团股份有限公司
723,600874.SH,600874,创业环保,天津,环境保护,天津创业环保集团股份有限公司
724,600875.SH,600875,东方电气,四川,电气设备,东方电气股份有限公司
725,600876.SH,600876,洛阳玻璃,河南,玻璃,洛阳玻璃股份有限公司
726,600877.SH,600877,电能股份,重庆,电气设备,中电科能源股份有限公司
727,600879.SH,600879,航天电子,湖北,航空,航天时代电子技术股份有限公司
728,600880.SH,600880,博瑞传播,四川,广告包装,成都博瑞传播股份有限公司
729,600881.SH,600881,亚泰集团,吉林,水泥,吉林亚泰(集团)股份有限公司
730,600882.SH,600882,妙可蓝多,上海,乳制品,上海妙可蓝多食品科技股份有限公司
731,600883.SH,600883,博闻科技,云南,水泥,云南博闻科技实业股份有限公司
732,600884.SH,600884,杉杉股份,浙江,电气设备,宁波杉杉股份有限公司
733,600885.SH,600885,宏发股份,湖北,电气设备,宏发科技股份有限公司
734,600886.SH,600886,国投电力,北京,水力发电,国投电力控股股份有限公司
735,600887.SH,600887,伊利股份,内蒙,乳制品,内蒙古伊利实业集团股份有限公司
736,600888.SH,600888,新疆众和,新疆,铝,新疆众和股份有限公司
737,600889.SH,600889,南京化纤,江苏,化纤,南京化纤股份有限公司
738,600890.SH,600890,*ST中房,北京,区域地产,中房置业股份有限公司
739,600892.SH,600892,大晟文化,深圳,影视音像,大晟时代文化投资股份有限公司
740,600893.SH,600893,航发动力,陕西,航空,中国航发动力股份有限公司
741,600894.SH,600894,广日股份,广东,运输设备,广州广日股份有限公司
742,600895.SH,600895,张江高科,上海,园区开发,上海张江高科技园区开发股份有限公司
743,600896.SH,600896,*ST海医,海南,医疗保健,览海医疗产业投资股份有限公司
744,600897.SH,600897,厦门空港,福建,机场,元翔(厦门)国际航空港股份有限公司
745,600898.SH,600898,ST美讯,山东,通信设备,国美通讯设备股份有限公司
746,600900.SH,600900,长江电力,北京,水力发电,中国长江电力股份有限公司
747,600901.SH,600901,江苏租赁,江苏,多元金融,江苏金融租赁股份有限公司
748,600903.SH,600903,贵州燃气,贵州,供气供热,贵州燃气集团股份有限公司
749,600905.SH,600905,三峡能源,北京,新型电力,中国三峡新能源(集团)股份有限公司
750,600906.SH,600906,财达证券,河北,证券,财达证券股份有限公司
751,600908.SH,600908,无锡银行,江苏,银行,无锡农村商业银行股份有限公司
752,600909.SH,600909,华安证券,安徽,证券,华安证券股份有限公司
753,600916.SH,600916,中国黄金,北京,黄金,中国黄金集团黄金珠宝股份有限公司
754,600917.SH,600917,重庆燃气,重庆,供气供热,重庆燃气集团股份有限公司
755,600918.SH,600918,中泰证券,山东,证券,中泰证券股份有限公司
756,600919.SH,600919,江苏银行,江苏,银行,江苏银行股份有限公司
757,600926.SH,600926,杭州银行,浙江,银行,杭州银行股份有限公司
758,600928.SH,600928,西安银行,陕西,银行,西安银行股份有限公司
759,600929.SH,600929,雪天盐业,湖南,食品,雪天盐业集团股份有限公司
760,600933.SH,600933,爱柯迪,浙江,汽车配件,爱柯迪股份有限公司
761,600936.SH,600936,广西广电,广西,影视音像,广西广播电视信息网络股份有限公司
762,600939.SH,600939,重庆建工,重庆,建筑工程,重庆建工集团股份有限公司
763,600955.SH,600955,维远股份,山东,化工原料,利华益维远化学股份有限公司
764,600956.SH,600956,新天绿能,河北,供气供热,新天绿色能源股份有限公司
765,600958.SH,600958,东方证券,上海,证券,东方证券股份有限公司
766,600959.SH,600959,江苏有线,江苏,影视音像,江苏省广电有线信息网络股份有限公司
767,600960.SH,600960,渤海汽车,山东,汽车配件,渤海汽车系统股份有限公司
768,600961.SH,600961,株冶集团,湖南,铅锌,株洲冶炼集团股份有限公司
769,600962.SH,600962,国投中鲁,北京,软饮料,国投中鲁果汁股份有限公司
770,600963.SH,600963,岳阳林纸,湖南,造纸,岳阳林纸股份有限公司
771,600965.SH,600965,福成股份,河北,农业综合,河北福成五丰食品股份有限公司
772,600966.SH,600966,博汇纸业,山东,造纸,山东博汇纸业股份有限公司
773,600967.SH,600967,内蒙一机,内蒙,运输设备,内蒙古第一机械集团股份有限公司
774,600968.SH,600968,海油发展,北京,石油开采,中海油能源发展股份有限公司
775,600969.SH,600969,郴电国际,湖南,水力发电,湖南郴电国际发展股份有限公司
776,600970.SH,600970,中材国际,江苏,建筑工程,中国中材国际工程股份有限公司
777,600971.SH,600971,恒源煤电,安徽,煤炭开采,安徽恒源煤电股份有限公司
778,600973.SH,600973,宝胜股份,江苏,电气设备,宝胜科技创新股份有限公司
779,600975.SH,600975,新五丰,湖南,农业综合,湖南新五丰股份有限公司
780,600976.SH,600976,健民集团,湖北,中成药,健民药业集团股份有限公司
781,600977.SH,600977,中国电影,北京,影视音像,中国电影股份有限公司
782,600979.SH,600979,广安爱众,四川,水力发电,四川广安爱众股份有限公司
783,600980.SH,600980,北矿科技,北京,元器件,北矿科技股份有限公司
784,600981.SH,600981,汇鸿集团,江苏,商贸代理,江苏汇鸿国际集团股份有限公司
785,600982.SH,600982,宁波能源,浙江,供气供热,宁波能源集团股份有限公司
786,600983.SH,600983,惠而浦,安徽,家用电器,惠而浦(中国)股份有限公司
787,600984.SH,600984,建设机械,陕西,工程机械,陕西建设机械股份有限公司
788,600985.SH,600985,淮北矿业,安徽,煤炭开采,淮北矿业控股股份有限公司
789,600986.SH,600986,浙文互联,山东,互联网,浙文互联集团股份有限公司
790,600987.SH,600987,航民股份,浙江,纺织,浙江航民股份有限公司
791,600988.SH,600988,赤峰黄金,内蒙,黄金,赤峰吉隆黄金矿业股份有限公司
792,600989.SH,600989,宝丰能源,宁夏,化工原料,宁夏宝丰能源集团股份有限公司
793,600990.SH,600990,四创电子,安徽,通信设备,四创电子股份有限公司
794,600992.SH,600992,贵绳股份,贵州,钢加工,贵州钢绳股份有限公司
795,600993.SH,600993,马应龙,湖北,中成药,马应龙药业集团股份有限公司
796,600995.SH,600995,文山电力,云南,水力发电,云南文山电力股份有限公司
797,600996.SH,600996,贵广网络,贵州,影视音像,贵州省广播电视信息网络股份有限公司
798,600997.SH,600997,开滦股份,河北,煤炭开采,开滦能源化工股份有限公司
799,600998.SH,600998,九州通,湖北,医药商业,九州通医药集团股份有限公司
800,600999.SH,600999,招商证券,深圳,证券,招商证券股份有限公司
801,601000.SH,601000,唐山港,河北,港口,唐山港集团股份有限公司
802,601001.SH,601001,晋控煤业,山西,煤炭开采,晋能控股山西煤业股份有限公司
803,601002.SH,601002,晋亿实业,浙江,机械基件,晋亿实业股份有限公司
804,601003.SH,601003,柳钢股份,广西,普钢,柳州钢铁股份有限公司
805,601005.SH,601005,重庆钢铁,重庆,普钢,重庆钢铁股份有限公司
806,601006.SH,601006,大秦铁路,山西,铁路,大秦铁路股份有限公司
807,601007.SH,601007,金陵饭店,江苏,酒店餐饮,金陵饭店股份有限公司
808,601008.SH,601008,连云港,江苏,港口,江苏连云港港口股份有限公司
809,601009.SH,601009,南京银行,江苏,银行,南京银行股份有限公司
810,601010.SH,601010,文峰股份,江苏,超市连锁,文峰大世界连锁发展股份有限公司
811,601011.SH,601011,宝泰隆,黑龙江,焦炭加工,宝泰隆新材料股份有限公司
812,601012.SH,601012,隆基股份,陕西,电气设备,隆基绿能科技股份有限公司
813,601015.SH,601015,陕西黑猫,陕西,焦炭加工,陕西黑猫焦化股份有限公司
814,601016.SH,601016,节能风电,北京,新型电力,中节能风力发电股份有限公司
815,601018.SH,601018,宁波港,浙江,港口,宁波舟山港股份有限公司
816,601019.SH,601019,山东出版,山东,出版业,山东出版传媒股份有限公司
817,601020.SH,601020,ST华钰,西藏,铅锌,西藏华钰矿业股份有限公司
818,601021.SH,601021,春秋航空,上海,空运,春秋航空股份有限公司
819,601028.SH,601028,玉龙股份,江苏,商贸代理,山东玉龙黄金股份有限公司
820,601038.SH,601038,一拖股份,河南,农用机械,第一拖拉机股份有限公司
821,601058.SH,601058,赛轮轮胎,山东,汽车配件,赛轮集团股份有限公司
822,601066.SH,601066,中信建投,北京,证券,中信建投证券股份有限公司
823,601068.SH,601068,中铝国际,北京,建筑工程,中铝国际工程股份有限公司
824,601069.SH,601069,西部黄金,新疆,黄金,西部黄金股份有限公司
825,601077.SH,601077,渝农商行,重庆,银行,重庆农村商业银行股份有限公司
826,601086.SH,601086,国芳集团,甘肃,百货,甘肃国芳工贸(集团)股份有限公司
827,601088.SH,601088,中国神华,北京,煤炭开采,中国神华能源股份有限公司
828,601098.SH,601098,中南传媒,湖南,出版业,中南出版传媒集团股份有限公司
829,601099.SH,601099,太平洋,云南,证券,太平洋证券股份有限公司
830,601100.SH,601100,恒立液压,江苏,工程机械,江苏恒立液压股份有限公司
831,601101.SH,601101,昊华能源,北京,煤炭开采,北京昊华能源股份有限公司
832,601106.SH,601106,中国一重,黑龙江,工程机械,中国第一重型机械股份公司
833,601107.SH,601107,四川成渝,四川,路桥,四川成渝高速公路股份有限公司
834,601108.SH,601108,财通证券,浙江,证券,财通证券股份有限公司
835,601111.SH,601111,中国国航,北京,空运,中国国际航空股份有限公司
836,601113.SH,601113,ST华鼎,浙江,化纤,义乌华鼎锦纶股份有限公司
837,601116.SH,601116,三江购物,浙江,超市连锁,三江购物俱乐部股份有限公司
838,601117.SH,601117,中国化学,北京,建筑工程,中国化学工程股份有限公司
839,601118.SH,601118,海南橡胶,海南,橡胶,海南天然橡胶产业集团股份有限公司
840,601126.SH,601126,四方股份,北京,电气设备,北京四方继保自动化股份有限公司
841,601127.SH,601127,小康股份,重庆,汽车整车,重庆小康工业集团股份有限公司
842,601128.SH,601128,常熟银行,江苏,银行,江苏常熟农村商业银行股份有限公司
843,601137.SH,601137,博威合金,浙江,铜,宁波博威合金材料股份有限公司
844,601138.SH,601138,工业富联,深圳,通信设备,富士康工业互联网股份有限公司
845,601139.SH,601139,深圳燃气,深圳,供气供热,深圳市燃气集团股份有限公司
846,601155.SH,601155,新城控股,江苏,区域地产,新城控股集团股份有限公司
847,601156.SH,601156,东航物流,上海,空运,东方航空物流股份有限公司
848,601158.SH,601158,重庆水务,重庆,水务,重庆水务集团股份有限公司
849,601162.SH,601162,天风证券,湖北,证券,天风证券股份有限公司
850,601163.SH,601163,三角轮胎,山东,汽车配件,三角轮胎股份有限公司
851,601166.SH,601166,兴业银行,福建,银行,兴业银行股份有限公司
852,601168.SH,601168,西部矿业,青海,铜,西部矿业股份有限公司
853,601169.SH,601169,北京银行,北京,银行,北京银行股份有限公司
854,601177.SH,601177,杭齿前进,浙江,机械基件,杭州前进齿轮箱集团股份有限公司
855,601179.SH,601179,中国西电,陕西,电气设备,中国西电电气股份有限公司
856,601186.SH,601186,中国铁建,北京,建筑工程,中国铁建股份有限公司
857,601187.SH,601187,厦门银行,福建,银行,厦门银行股份有限公司
858,601188.SH,601188,龙江交通,黑龙江,路桥,黑龙江交通发展股份有限公司
859,601198.SH,601198,东兴证券,北京,证券,东兴证券股份有限公司
860,601199.SH,601199,江南水务,江苏,水务,江苏江南水务股份有限公司
861,601200.SH,601200,上海环境,上海,环境保护,上海环境集团股份有限公司
862,601208.SH,601208,东材科技,四川,化工原料,四川东材科技集团股份有限公司
863,601211.SH,601211,国泰君安,上海,证券,国泰君安证券股份有限公司
864,601212.SH,601212,白银有色,甘肃,铜,白银有色集团股份有限公司
865,601216.SH,601216,君正集团,内蒙,化工原料,内蒙古君正能源化工集团股份有限公司
866,601218.SH,601218,吉鑫科技,江苏,机械基件,江苏吉鑫风能科技股份有限公司
867,601222.SH,601222,林洋能源,江苏,电器仪表,江苏林洋能源股份有限公司
868,601225.SH,601225,陕西煤业,陕西,煤炭开采,陕西煤业股份有限公司
869,601226.SH,601226,华电重工,北京,专用机械,华电重工股份有限公司
870,601228.SH,601228,广州港,广东,港口,广州港股份有限公司
871,601229.SH,601229,上海银行,上海,银行,上海银行股份有限公司
872,601231.SH,601231,环旭电子,上海,元器件,环旭电子股份有限公司
873,601233.SH,601233,桐昆股份,浙江,化纤,桐昆集团股份有限公司
874,601236.SH,601236,红塔证券,云南,证券,红塔证券股份有限公司
875,601238.SH,601238,广汽集团,广东,汽车整车,广州汽车集团股份有限公司
876,601258.SH,601258,庞大集团,河北,汽车服务,庞大汽贸集团股份有限公司
877,601279.SH,601279,英利汽车,吉林,汽车配件,长春英利汽车工业股份有限公司
878,601288.SH,601288,农业银行,北京,银行,中国农业银行股份有限公司
879,601298.SH,601298,青岛港,山东,港口,青岛港国际股份有限公司
880,601311.SH,601311,骆驼股份,湖北,电气设备,骆驼集团股份有限公司
881,601318.SH,601318,中国平安,深圳,保险,中国平安保险(集团)股份有限公司
882,601319.SH,601319,中国人保,北京,保险,中国人民保险集团股份有限公司
883,601326.SH,601326,秦港股份,河北,港口,秦皇岛港股份有限公司
884,601328.SH,601328,交通银行,上海,银行,交通银行股份有限公司
885,601330.SH,601330,绿色动力,深圳,环境保护,绿色动力环保集团股份有限公司
886,601333.SH,601333,广深铁路,深圳,铁路,广深铁路股份有限公司
887,601336.SH,601336,新华保险,北京,保险,新华人寿保险股份有限公司
888,601339.SH,601339,百隆东方,浙江,纺织,百隆东方股份有限公司
889,601360.SH,601360,三六零,天津,互联网,三六零安全科技股份有限公司
890,601366.SH,601366,利群股份,山东,百货,利群商业集团股份有限公司
891,601368.SH,601368,绿城水务,广西,水务,广西绿城水务股份有限公司
892,601369.SH,601369,陕鼓动力,陕西,机械基件,西安陕鼓动力股份有限公司
893,601375.SH,601375,中原证券,河南,证券,中原证券股份有限公司
894,601377.SH,601377,兴业证券,福建,证券,兴业证券股份有限公司
895,601388.SH,601388,怡球资源,江苏,铝,怡球金属资源再生(中国)股份有限公司
896,601390.SH,601390,中国中铁,北京,建筑工程,中国中铁股份有限公司
897,601398.SH,601398,工商银行,北京,银行,中国工商银行股份有限公司
898,601399.SH,601399,国机重装,四川,工程机械,国机重型装备集团股份有限公司
899,601456.SH,601456,国联证券,江苏,证券,国联证券股份有限公司
900,601500.SH,601500,通用股份,江苏,汽车配件,江苏通用科技股份有限公司
901,601512.SH,601512,中新集团,江苏,园区开发,中新苏州工业园区开发集团股份有限公司
902,601515.SH,601515,东风股份,广东,广告包装,汕头东风印刷股份有限公司
903,601518.SH,601518,吉林高速,吉林,路桥,吉林高速公路股份有限公司
904,601519.SH,601519,大智慧,上海,软件服务,上海大智慧股份有限公司
905,601528.SH,601528,瑞丰银行,浙江,银行,浙江绍兴瑞丰农村商业银行股份有限公司
906,601555.SH,601555,东吴证券,江苏,证券,东吴证券股份有限公司
907,601566.SH,601566,九牧王,福建,服饰,九牧王股份有限公司
908,601567.SH,601567,三星医疗,浙江,电器仪表,宁波三星医疗电气股份有限公司
909,601568.SH,601568,北元集团,陕西,化工原料,陕西北元化工集团股份有限公司
910,601577.SH,601577,长沙银行,湖南,银行,长沙银行股份有限公司
911,601579.SH,601579,会稽山,浙江,红黄酒,会稽山绍兴酒股份有限公司
912,601588.SH,601588,北辰实业,北京,区域地产,北京北辰实业股份有限公司
913,601595.SH,601595,上海电影,上海,影视音像,上海电影股份有限公司
914,601598.SH,601598,中国外运,北京,仓储物流,中国外运股份有限公司
915,601599.SH,601599,浙文影业,江苏,纺织,浙文影业集团股份有限公司
916,601600.SH,601600,中国铝业,北京,铝,中国铝业股份有限公司
917,601601.SH,601601,中国太保,上海,保险,中国太平洋保险(集团)股份有限公司
918,601606.SH,601606,长城军工,安徽,专用机械,安徽长城军工股份有限公司
919,601607.SH,601607,上海医药,上海,医药商业,上海医药集团股份有限公司
920,601608.SH,601608,中信重工,河南,专用机械,中信重工机械股份有限公司
921,601609.SH,601609,金田铜业,浙江,铜,宁波金田铜业(集团)股份有限公司
922,601611.SH,601611,中国核建,上海,建筑工程,中国核工业建设股份有限公司
923,601615.SH,601615,明阳智能,广东,机械基件,明阳智慧能源集团股份公司
924,601616.SH,601616,广电电气,上海,电气设备,上海广电电气(集团)股份有限公司
925,601618.SH,601618,中国中冶,北京,建筑工程,中国冶金科工股份有限公司
926,601619.SH,601619,嘉泽新能,宁夏,新型电力,宁夏嘉泽新能源股份有限公司
927,601628.SH,601628,中国人寿,北京,保险,中国人寿保险股份有限公司
928,601633.SH,601633,长城汽车,河北,汽车整车,长城汽车股份有限公司
929,601636.SH,601636,旗滨集团,湖南,玻璃,株洲旗滨集团股份有限公司
930,601658.SH,601658,邮储银行,北京,银行,中国邮政储蓄银行股份有限公司
931,601665.SH,601665,齐鲁银行,山东,银行,齐鲁银行股份有限公司
932,601666.SH,601666,平煤股份,河南,煤炭开采,平顶山天安煤业股份有限公司
933,601668.SH,601668,中国建筑,北京,建筑工程,中国建筑股份有限公司
934,601669.SH,601669,中国电建,北京,建筑工程,中国电力建设股份有限公司
935,601677.SH,601677,明泰铝业,河南,铝,河南明泰铝业股份有限公司
936,601678.SH,601678,滨化股份,山东,化工原料,滨化集团股份有限公司
937,601686.SH,601686,友发集团,天津,钢加工,天津友发钢管集团股份有限公司
938,601688.SH,601688,华泰证券,江苏,证券,华泰证券股份有限公司
939,601689.SH,601689,拓普集团,浙江,汽车配件,宁波拓普集团股份有限公司
940,601696.SH,601696,中银证券,上海,证券,中银国际证券股份有限公司
941,601698.SH,601698,中国卫通,北京,电信运营,中国卫通集团股份有限公司
942,601699.SH,601699,潞安环能,山西,煤炭开采,山西潞安环保能源开发股份有限公司
943,601700.SH,601700,风范股份,江苏,电气设备,常熟风范电力设备股份有限公司
944,601702.SH,601702,华峰铝业,上海,铝,上海华峰铝业股份有限公司
945,601717.SH,601717,郑煤机,河南,汽车配件,郑州煤矿机械集团股份有限公司
946,601718.SH,601718,际华集团,北京,服饰,际华集团股份有限公司
947,601727.SH,601727,上海电气,上海,电气设备,上海电气集团股份有限公司
948,601728.SH,601728,中国电信,北京,电信运营,中国电信股份有限公司
949,601766.SH,601766,中国中车,北京,运输设备,中国中车股份有限公司
950,601777.SH,601777,力帆科技,重庆,摩托车,力帆科技(集团)股份有限公司
951,601778.SH,601778,晶科科技,江西,新型电力,晶科电力科技股份有限公司
952,601788.SH,601788,光大证券,上海,证券,光大证券股份有限公司
953,601789.SH,601789,宁波建工,浙江,建筑工程,宁波建工股份有限公司
954,601798.SH,601798,蓝科高新,甘肃,化工机械,甘肃蓝科石化高新装备股份有限公司
955,601799.SH,601799,星宇股份,江苏,汽车配件,常州星宇车灯股份有限公司
956,601800.SH,601800,中国交建,北京,建筑工程,中国交通建设股份有限公司
957,601801.SH,601801,皖新传媒,安徽,出版业,安徽新华传媒股份有限公司
958,601808.SH,601808,中海油服,天津,石油开采,中海油田服务股份有限公司
959,601811.SH,601811,新华文轩,四川,出版业,新华文轩出版传媒股份有限公司
960,601816.SH,601816,京沪高铁,北京,铁路,京沪高速铁路股份有限公司
961,601818.SH,601818,光大银行,北京,银行,中国光大银行股份有限公司
962,601825.SH,601825,沪农商行,上海,银行,上海农村商业银行股份有限公司
963,601827.SH,601827,三峰环境,重庆,环境保护,重庆三峰环境集团股份有限公司
964,601828.SH,601828,美凯龙,上海,其他商业,红星美凯龙家居集团股份有限公司
965,601838.SH,601838,成都银行,四川,银行,成都银行股份有限公司
966,601857.SH,601857,中国石油,北京,石油开采,中国石油天然气股份有限公司
967,601858.SH,601858,中国科传,北京,出版业,中国科技出版传媒股份有限公司
968,601860.SH,601860,紫金银行,江苏,银行,江苏紫金农村商业银行股份有限公司
969,601865.SH,601865,福莱特,浙江,玻璃,福莱特玻璃集团股份有限公司
970,601866.SH,601866,中远海发,上海,水运,中远海运发展股份有限公司
971,601868.SH,601868,中国能建,北京,建筑工程,中国能源建设股份有限公司
972,601869.SH,601869,长飞光纤,湖北,通信设备,长飞光纤光缆股份有限公司
973,601872.SH,601872,招商轮船,上海,水运,招商局能源运输股份有限公司
974,601877.SH,601877,正泰电器,浙江,电气设备,浙江正泰电器股份有限公司
975,601878.SH,601878,浙商证券,浙江,证券,浙商证券股份有限公司
976,601880.SH,601880,辽港股份,辽宁,港口,辽宁港口股份有限公司
977,601881.SH,601881,中国银河,北京,证券,中国银河证券股份有限公司
978,601882.SH,601882,海天精工,浙江,机床制造,宁波海天精工股份有限公司
979,601886.SH,601886,江河集团,北京,装修装饰,江河创建集团股份有限公司
980,601888.SH,601888,中国中免,北京,旅游服务,中国旅游集团中免股份有限公司
981,601890.SH,601890,亚星锚链,江苏,船舶,江苏亚星锚链股份有限公司
982,601898.SH,601898,中煤能源,北京,煤炭开采,中国中煤能源股份有限公司
983,601899.SH,601899,紫金矿业,福建,黄金,紫金矿业集团股份有限公司
984,601900.SH,601900,南方传媒,广东,出版业,南方出版传媒股份有限公司
985,601901.SH,601901,方正证券,湖南,证券,方正证券股份有限公司
986,601908.SH,601908,京运通,北京,新型电力,北京京运通科技股份有限公司
987,601916.SH,601916,浙商银行,浙江,银行,浙商银行股份有限公司
988,601918.SH,601918,新集能源,安徽,煤炭开采,中煤新集能源股份有限公司
989,601919.SH,601919,中远海控,天津,水运,中远海运控股股份有限公司
990,601921.SH,601921,浙版传媒,浙江,出版业,浙江出版传媒股份有限公司
991,601928.SH,601928,凤凰传媒,江苏,出版业,江苏凤凰出版传媒股份有限公司
992,601929.SH,601929,吉视传媒,吉林,影视音像,吉视传媒股份有限公司
993,601933.SH,601933,永辉超市,福建,超市连锁,永辉超市股份有限公司
994,601939.SH,601939,建设银行,北京,银行,中国建设银行股份有限公司
995,601949.SH,601949,中国出版,北京,出版业,中国出版传媒股份有限公司
996,601952.SH,601952,苏垦农发,江苏,种植业,江苏省农垦农业发展股份有限公司
997,601956.SH,601956,东贝集团,湖北,机械基件,湖北东贝机电集团股份有限公司
998,601958.SH,601958,金钼股份,陕西,小金属,金堆城钼业股份有限公司
999,601963.SH,601963,重庆银行,重庆,银行,重庆银行股份有限公司
1000,601965.SH,601965,中国汽研,重庆,汽车服务,中国汽车工程研究院股份有限公司
1001,601966.SH,601966,玲珑轮胎,山东,汽车配件,山东玲珑轮胎股份有限公司
1002,601968.SH,601968,宝钢包装,上海,广告包装,上海宝钢包装股份有限公司
1003,601969.SH,601969,海南矿业,海南,普钢,海南矿业股份有限公司
1004,601975.SH,601975,招商南油,江苏,水运,招商局南京油运股份有限公司
1005,601985.SH,601985,中国核电,北京,新型电力,中国核能电力股份有限公司
1006,601988.SH,601988,中国银行,北京,银行,中国银行股份有限公司
1007,601989.SH,601989,中国重工,北京,船舶,中国船舶重工股份有限公司
1008,601990.SH,601990,南京证券,江苏,证券,南京证券股份有限公司
1009,601991.SH,601991,大唐发电,北京,火力发电,大唐国际发电股份有限公司
1010,601992.SH,601992,金隅集团,北京,水泥,北京金隅集团股份有限公司
1011,601995.SH,601995,中金公司,北京,证券,中国国际金融股份有限公司
1012,601996.SH,601996,丰林集团,广西,家居用品,广西丰林木业集团股份有限公司
1013,601997.SH,601997,贵阳银行,贵州,银行,贵阳银行股份有限公司
1014,601998.SH,601998,中信银行,北京,银行,中信银行股份有限公司
1015,601999.SH,601999,出版传媒,辽宁,出版业,北方联合出版传媒(集团)股份有限公司
1016,603000.SH,603000,人民网,北京,互联网,人民网股份有限公司
1017,603001.SH,603001,奥康国际,浙江,服饰,浙江奥康鞋业股份有限公司
1018,603002.SH,603002,宏昌电子,广东,化工原料,宏昌电子材料股份有限公司
1019,603003.SH,603003,龙宇燃油,上海,石油贸易,上海龙宇燃油股份有限公司
1020,603005.SH,603005,晶方科技,江苏,半导体,苏州晶方半导体科技股份有限公司
1021,603006.SH,603006,联明股份,上海,汽车配件,上海联明机械股份有限公司
1022,603007.SH,603007,ST花王,江苏,建筑工程,花王生态工程股份有限公司
1023,603008.SH,603008,喜临门,浙江,家居用品,喜临门家具股份有限公司
1024,603009.SH,603009,北特科技,上海,汽车配件,上海北特科技股份有限公司
1025,603010.SH,603010,万盛股份,浙江,化工原料,浙江万盛股份有限公司
1026,603011.SH,603011,合锻智能,安徽,机床制造,合肥合锻智能制造股份有限公司
1027,603012.SH,603012,创力集团,上海,专用机械,上海创力集团股份有限公司
1028,603013.SH,603013,亚普股份,江苏,汽车配件,亚普汽车部件股份有限公司
1029,603015.SH,603015,弘讯科技,浙江,电气设备,宁波弘讯科技股份有限公司
1030,603016.SH,603016,新宏泰,江苏,电气设备,无锡新宏泰电器科技股份有限公司
1031,603017.SH,603017,中衡设计,江苏,建筑工程,中衡设计集团股份有限公司
1032,603018.SH,603018,华设集团,江苏,建筑工程,华设设计集团股份有限公司
1033,603019.SH,603019,中科曙光,天津,IT设备,曙光信息产业股份有限公司
1034,603020.SH,603020,爱普股份,上海,食品,爱普香料集团股份有限公司
1035,603021.SH,603021,山东华鹏,山东,玻璃,山东华鹏玻璃股份有限公司
1036,603022.SH,603022,新通联,上海,广告包装,上海新通联包装股份有限公司
1037,603023.SH,603023,威帝股份,黑龙江,汽车配件,哈尔滨威帝电子股份有限公司
1038,603025.SH,603025,大豪科技,北京,纺织机械,北京大豪科技股份有限公司
1039,603026.SH,603026,石大胜华,山东,化工原料,山东石大胜华化工集团股份有限公司
1040,603027.SH,603027,千禾味业,四川,食品,千禾味业食品股份有限公司
1041,603028.SH,603028,赛福天,江苏,钢加工,江苏赛福天钢索股份有限公司
1042,603029.SH,603029,天鹅股份,山东,农用机械,山东天鹅棉业机械股份有限公司
1043,603030.SH,603030,全筑股份,上海,装修装饰,上海全筑控股集团股份有限公司
1044,603031.SH,603031,安德利,安徽,百货,安徽安德利百货股份有限公司
1045,603032.SH,603032,*ST德新,新疆,公共交通,德力西新疆交通运输集团股份有限公司
1046,603033.SH,603033,三维股份,浙江,橡胶,三维控股集团股份有限公司
1047,603035.SH,603035,常熟汽饰,江苏,汽车配件,江苏常熟汽饰集团股份有限公司
1048,603036.SH,603036,如通股份,江苏,专用机械,江苏如通石油机械股份有限公司
1049,603037.SH,603037,凯众股份,上海,汽车配件,上海凯众材料科技股份有限公司
1050,603038.SH,603038,华立股份,广东,装修装饰,东莞市华立实业股份有限公司
1051,603039.SH,603039,泛微网络,上海,软件服务,上海泛微网络科技股份有限公司
1052,603040.SH,603040,新坐标,浙江,机械基件,杭州新坐标科技股份有限公司
1053,603041.SH,603041,美思德,江苏,化工原料,江苏美思德化学股份有限公司
1054,603042.SH,603042,华脉科技,江苏,通信设备,南京华脉科技股份有限公司
1055,603043.SH,603043,广州酒家,广东,食品,广州酒家集团股份有限公司
1056,603045.SH,603045,福达合金,浙江,电气设备,福达合金材料股份有限公司
1057,603050.SH,603050,科林电气,河北,电气设备,石家庄科林电气股份有限公司
1058,603053.SH,603053,成都燃气,四川,供气供热,成都燃气集团股份有限公司
1059,603055.SH,603055,台华新材,浙江,纺织,浙江台华新材料股份有限公司
1060,603056.SH,603056,德邦股份,上海,仓储物流,德邦物流股份有限公司
1061,603058.SH,603058,永吉股份,贵州,广告包装,贵州永吉印务股份有限公司
1062,603059.SH,603059,倍加洁,江苏,家居用品,倍加洁集团股份有限公司
1063,603060.SH,603060,国检集团,北京,建筑工程,中国建材检验认证集团股份有限公司
1064,603063.SH,603063,禾望电气,深圳,电气设备,深圳市禾望电气股份有限公司
1065,603066.SH,603066,音飞储存,江苏,仓储物流,南京音飞储存设备(集团)股份有限公司
1066,603067.SH,603067,振华股份,湖北,化工原料,湖北振华化学股份有限公司
1067,603068.SH,603068,博通集成,上海,半导体,博通集成电路(上海)股份有限公司
1068,603069.SH,603069,海汽集团,海南,公路,海南海汽运输集团股份有限公司
1069,603076.SH,603076,乐惠国际,浙江,专用机械,宁波乐惠国际工程装备股份有限公司
1070,603077.SH,603077,和邦生物,四川,化工原料,四川和邦生物科技股份有限公司
1071,603078.SH,603078,江化微,江苏,化工原料,江阴江化微电子材料股份有限公司
1072,603079.SH,603079,圣达生物,浙江,食品,浙江圣达生物药业股份有限公司
1073,603080.SH,603080,新疆火炬,新疆,供气供热,新疆火炬燃气股份有限公司
1074,603081.SH,603081,大丰实业,浙江,专用机械,浙江大丰实业股份有限公司
1075,603083.SH,603083,剑桥科技,上海,通信设备,上海剑桥科技股份有限公司
1076,603085.SH,603085,天成自控,浙江,汽车配件,浙江天成自控股份有限公司
1077,603086.SH,603086,先达股份,山东,农药化肥,山东先达农化股份有限公司
1078,603087.SH,603087,甘李药业,北京,生物制药,甘李药业股份有限公司
1079,603088.SH,603088,宁波精达,浙江,专用机械,宁波精达成形装备股份有限公司
1080,603089.SH,603089,正裕工业,浙江,汽车配件,浙江正裕工业股份有限公司
1081,603090.SH,603090,宏盛股份,江苏,专用机械,无锡宏盛换热器制造股份有限公司
1082,603093.SH,603093,南华期货,浙江,多元金融,南华期货股份有限公司
1083,603095.SH,603095,越剑智能,浙江,纺织机械,浙江越剑智能装备股份有限公司
1084,603096.SH,603096,新经典,天津,出版业,新经典文化股份有限公司
1085,603098.SH,603098,森特股份,北京,装修装饰,森特士兴集团股份有限公司
1086,603099.SH,603099,长白山,吉林,旅游景点,长白山旅游股份有限公司
1087,603100.SH,603100,川仪股份,重庆,电器仪表,重庆川仪自动化股份有限公司
1088,603101.SH,603101,汇嘉时代,新疆,百货,新疆汇嘉时代百货股份有限公司
1089,603103.SH,603103,横店影视,浙江,影视音像,横店影视股份有限公司
1090,603105.SH,603105,芯能科技,浙江,电气设备,浙江芯能光伏科技股份有限公司
1091,603106.SH,603106,恒银科技,天津,IT设备,恒银金融科技股份有限公司
1092,603108.SH,603108,润达医疗,上海,医药商业,上海润达医疗科技股份有限公司
1093,603109.SH,603109,神驰机电,重庆,电气设备,神驰机电股份有限公司
1094,603110.SH,603110,东方材料,浙江,染料涂料,新东方新材料股份有限公司
1095,603111.SH,603111,康尼机电,江苏,运输设备,南京康尼机电股份有限公司
1096,603112.SH,603112,华翔股份,山西,机械基件,山西华翔集团股份有限公司
1097,603113.SH,603113,金能科技,山东,焦炭加工,金能科技股份有限公司
1098,603115.SH,603115,海星股份,江苏,元器件,南通海星电子股份有限公司
1099,603116.SH,603116,红蜻蜓,浙江,服饰,浙江红蜻蜓鞋业股份有限公司
1100,603117.SH,603117,万林物流,江苏,仓储物流,江苏万林现代物流股份有限公司
1101,603118.SH,603118,共进股份,深圳,通信设备,深圳市共进电子股份有限公司
1102,603121.SH,603121,华培动力,上海,汽车配件,上海华培动力科技(集团)股份有限公司
1103,603123.SH,603123,翠微股份,北京,百货,北京翠微大厦股份有限公司
1104,603126.SH,603126,中材节能,天津,环境保护,中材节能股份有限公司
1105,603127.SH,603127,昭衍新药,北京,医疗保健,北京昭衍新药研究中心股份有限公司
1106,603128.SH,603128,华贸物流,上海,仓储物流,港中旅华贸国际物流股份有限公司
1107,603129.SH,603129,春风动力,浙江,摩托车,浙江春风动力股份有限公司
1108,603131.SH,603131,上海沪工,上海,专用机械,上海沪工焊接集团股份有限公司
1109,603133.SH,603133,碳元科技,江苏,元器件,碳元科技股份有限公司
1110,603136.SH,603136,天目湖,江苏,旅游景点,江苏天目湖旅游股份有限公司
1111,603138.SH,603138,海量数据,北京,软件服务,北京海量数据技术股份有限公司
1112,603139.SH,603139,康惠制药,陕西,中成药,陕西康惠制药股份有限公司
1113,603155.SH,603155,新亚强,江苏,化工原料,新亚强硅化学股份有限公司
1114,603156.SH,603156,养元饮品,河北,软饮料,河北养元智汇饮品股份有限公司
1115,603157.SH,603157,*ST拉夏,新疆,服饰,新疆拉夏贝尔服饰股份有限公司
1116,603158.SH,603158,腾龙股份,江苏,汽车配件,常州腾龙汽车零部件股份有限公司
1117,603159.SH,603159,上海亚虹,上海,专用机械,上海亚虹模具股份有限公司
1118,603160.SH,603160,汇顶科技,深圳,元器件,深圳市汇顶科技股份有限公司
1119,603161.SH,603161,科华控股,江苏,汽车配件,科华控股股份有限公司
1120,603165.SH,603165,荣晟环保,浙江,造纸,浙江荣晟环保纸业股份有限公司
1121,603166.SH,603166,福达股份,广西,汽车配件,桂林福达股份有限公司
1122,603167.SH,603167,渤海轮渡,山东,水运,渤海轮渡集团股份有限公司
1123,603168.SH,603168,莎普爱思,浙江,化学制药,浙江莎普爱思药业股份有限公司
1124,603169.SH,603169,兰石重装,甘肃,专用机械,兰州兰石重型装备股份有限公司
1125,603171.SH,603171,税友股份,浙江,软件服务,税友软件集团股份有限公司
1126,603177.SH,603177,德创环保,浙江,环境保护,浙江德创环保科技股份有限公司
1127,603178.SH,603178,圣龙股份,浙江,汽车配件,宁波圣龙汽车动力系统股份有限公司
1128,603179.SH,603179,新泉股份,江苏,汽车配件,江苏新泉汽车饰件股份有限公司
1129,603180.SH,603180,金牌厨柜,福建,家居用品,金牌厨柜家居科技股份有限公司
1130,603181.SH,603181,皇马科技,浙江,化工原料,浙江皇马科技股份有限公司
1131,603183.SH,603183,建研院,江苏,建筑工程,苏州市建筑科学研究院集团股份有限公司
1132,603185.SH,603185,上机数控,江苏,电气设备,无锡上机数控股份有限公司
1133,603186.SH,603186,华正新材,浙江,元器件,浙江华正新材料股份有限公司
1134,603187.SH,603187,海容冷链,山东,机械基件,青岛海容商用冷链股份有限公司
1135,603188.SH,603188,亚邦股份,江苏,染料涂料,江苏亚邦染料股份有限公司
1136,603189.SH,603189,网达软件,上海,软件服务,上海网达软件股份有限公司
1137,603192.SH,603192,汇得科技,上海,化工原料,上海汇得科技股份有限公司
1138,603195.SH,603195,公牛集团,浙江,家用电器,公牛集团股份有限公司
1139,603196.SH,603196,日播时尚,上海,服饰,日播时尚集团股份有限公司
1140,603197.SH,603197,保隆科技,上海,汽车配件,上海保隆汽车科技股份有限公司
1141,603198.SH,603198,迎驾贡酒,安徽,白酒,安徽迎驾贡酒股份有限公司
1142,603199.SH,603199,九华旅游,安徽,旅游景点,安徽九华山旅游发展股份有限公司
1143,603200.SH,603200,上海洗霸,上海,环境保护,上海洗霸科技股份有限公司
1144,603203.SH,603203,快克股份,江苏,专用机械,快克智能装备股份有限公司
1145,603208.SH,603208,江山欧派,浙江,家居用品,江山欧派门业股份有限公司
1146,603212.SH,603212,赛伍技术,江苏,塑料,苏州赛伍应用技术股份有限公司
1147,603214.SH,603214,爱婴室,上海,百货,上海爱婴室商务服务股份有限公司
1148,603217.SH,603217,元利科技,山东,化工原料,元利化学集团股份有限公司
1149,603218.SH,603218,日月股份,浙江,电气设备,日月重工股份有限公司
1150,603220.SH,603220,中贝通信,湖北,通信设备,中贝通信集团股份有限公司
1151,603221.SH,603221,爱丽家居,江苏,家居用品,爱丽家居科技股份有限公司
1152,603222.SH,603222,济民医疗,浙江,化学制药,济民健康管理股份有限公司
1153,603223.SH,603223,恒通股份,山东,供气供热,恒通物流股份有限公司
1154,603225.SH,603225,新凤鸣,浙江,化纤,新凤鸣集团股份有限公司
1155,603226.SH,603226,菲林格尔,上海,家居用品,菲林格尔家居科技股份有限公司
1156,603227.SH,603227,雪峰科技,新疆,化工原料,新疆雪峰科技(集团)股份有限公司
1157,603228.SH,603228,景旺电子,深圳,元器件,深圳市景旺电子股份有限公司
1158,603229.SH,603229,奥翔药业,浙江,化学制药,浙江奥翔药业股份有限公司
1159,603232.SH,603232,格尔软件,上海,软件服务,格尔软件股份有限公司
1160,603233.SH,603233,大参林,广东,医药商业,大参林医药集团股份有限公司
1161,603236.SH,603236,移远通信,上海,通信设备,上海移远通信技术股份有限公司
1162,603238.SH,603238,诺邦股份,浙江,纺织,杭州诺邦无纺股份有限公司
1163,603239.SH,603239,浙江仙通,浙江,汽车配件,浙江仙通橡塑股份有限公司
1164,603256.SH,603256,宏和科技,上海,玻璃,宏和电子材料科技股份有限公司
1165,603258.SH,603258,电魂网络,浙江,互联网,杭州电魂网络科技股份有限公司
1166,603259.SH,603259,药明康德,江苏,化学制药,无锡药明康德新药开发股份有限公司
1167,603260.SH,603260,合盛硅业,浙江,化工原料,合盛硅业股份有限公司
1168,603266.SH,603266,天龙股份,浙江,塑料,宁波天龙电子股份有限公司
1169,603267.SH,603267,鸿远电子,北京,元器件,北京元六鸿远电子科技股份有限公司
1170,603268.SH,603268,松发股份,广东,陶瓷,广东松发陶瓷股份有限公司
1171,603269.SH,603269,海鸥股份,江苏,机械基件,江苏海鸥冷却塔股份有限公司
1172,603277.SH,603277,银都股份,浙江,专用机械,银都餐饮设备股份有限公司
1173,603278.SH,603278,大业股份,山东,钢加工,山东大业股份有限公司
1174,603279.SH,603279,景津环保,山东,环境保护,景津环保股份有限公司
1175,603283.SH,603283,赛腾股份,江苏,专用机械,苏州赛腾精密电子股份有限公司
1176,603286.SH,603286,日盈电子,江苏,汽车配件,江苏日盈电子股份有限公司
1177,603288.SH,603288,海天味业,广东,食品,佛山市海天调味食品股份有限公司
1178,603289.SH,603289,泰瑞机器,浙江,专用机械,泰瑞机器股份有限公司
1179,603290.SH,603290,斯达半导,浙江,半导体,嘉兴斯达半导体股份有限公司
1180,603297.SH,603297,永新光学,浙江,电器仪表,宁波永新光学股份有限公司
1181,603298.SH,603298,杭叉集团,浙江,专用机械,杭叉集团股份有限公司
1182,603299.SH,603299,苏盐井神,江苏,食品,江苏苏盐井神股份有限公司
1183,603300.SH,603300,华铁应急,浙江,多元金融,浙江华铁应急设备科技股份有限公司
1184,603301.SH,603301,振德医疗,浙江,医疗保健,振德医疗用品股份有限公司
1185,603303.SH,603303,得邦照明,浙江,家用电器,横店集团得邦照明股份有限公司
1186,603305.SH,603305,旭升股份,浙江,汽车配件,宁波旭升汽车技术股份有限公司
1187,603306.SH,603306,华懋科技,福建,汽车配件,华懋(厦门)新材料科技股份有限公司
1188,603308.SH,603308,应流股份,安徽,专用机械,安徽应流机电股份有限公司
1189,603309.SH,603309,维力医疗,广东,医疗保健,广州维力医疗器械股份有限公司
1190,603311.SH,603311,金海高科,浙江,专用机械,浙江金海高科股份有限公司
1191,603313.SH,603313,梦百合,江苏,家居用品,梦百合家居科技股份有限公司
1192,603315.SH,603315,福鞍股份,辽宁,机械基件,辽宁福鞍重工股份有限公司
1193,603316.SH,603316,诚邦股份,浙江,建筑工程,诚邦生态环境股份有限公司
1194,603317.SH,603317,天味食品,四川,食品,四川天味食品集团股份有限公司
1195,603318.SH,603318,水发燃气,辽宁,供气供热,水发派思燃气股份有限公司
1196,603319.SH,603319,湘油泵,湖南,汽车配件,湖南机油泵股份有限公司
1197,603320.SH,603320,迪贝电气,浙江,机械基件,浙江迪贝电气股份有限公司
1198,603321.SH,603321,梅轮电梯,浙江,运输设备,浙江梅轮电梯股份有限公司
1199,603322.SH,603322,超讯通信,广东,通信设备,超讯通信股份有限公司
1200,603323.SH,603323,苏农银行,江苏,银行,江苏苏州农村商业银行股份有限公司
1201,603324.SH,603324,盛剑环境,上海,环境保护,上海盛剑环境系统科技股份有限公司
1202,603326.SH,603326,我乐家居,江苏,家居用品,南京我乐家居股份有限公司
1203,603327.SH,603327,福蓉科技,四川,元器件,四川福蓉科技股份公司
1204,603328.SH,603328,依顿电子,广东,元器件,广东依顿电子科技股份有限公司
1205,603329.SH,603329,上海雅仕,上海,仓储物流,上海雅仕投资发展股份有限公司
1206,603330.SH,603330,上海天洋,上海,塑料,上海天洋热熔粘接材料股份有限公司
1207,603331.SH,603331,百达精工,浙江,专用机械,浙江百达精工股份有限公司
1208,603332.SH,603332,苏州龙杰,江苏,化纤,苏州龙杰特种纤维股份有限公司
1209,603333.SH,603333,尚纬股份,四川,电气设备,尚纬股份有限公司
1210,603335.SH,603335,迪生力,广东,汽车配件,广东迪生力汽配股份有限公司
1211,603336.SH,603336,宏辉果蔬,广东,农业综合,宏辉果蔬股份有限公司
1212,603337.SH,603337,杰克股份,浙江,纺织机械,杰克缝纫机股份有限公司
1213,603338.SH,603338,浙江鼎力,浙江,专用机械,浙江鼎力机械股份有限公司
1214,603339.SH,603339,四方科技,江苏,专用机械,四方科技集团股份有限公司
1215,603345.SH,603345,安井食品,福建,食品,福建安井食品股份有限公司
1216,603348.SH,603348,文灿股份,广东,汽车配件,文灿集团股份有限公司
1217,603351.SH,603351,威尔药业,江苏,化学制药,南京威尔药业集团股份有限公司
1218,603353.SH,603353,和顺石油,湖南,石油贸易,湖南和顺石油股份有限公司
1219,603355.SH,603355,莱克电气,江苏,家用电器,莱克电气股份有限公司
1220,603356.SH,603356,华菱精工,安徽,运输设备,宣城市华菱精工科技股份有限公司
1221,603357.SH,603357,设计总院,安徽,建筑工程,安徽省交通规划设计研究总院股份有限公司
1222,603358.SH,603358,华达科技,江苏,汽车配件,华达汽车科技股份有限公司
1223,603359.SH,603359,东珠生态,江苏,环境保护,东珠生态环保股份有限公司
1224,603360.SH,603360,百傲化学,辽宁,化工原料,大连百傲化学股份有限公司
1225,603363.SH,603363,傲农生物,福建,饲料,福建傲农生物科技集团股份有限公司
1226,603365.SH,603365,水星家纺,上海,纺织,上海水星家用纺织品股份有限公司
1227,603366.SH,603366,日出东方,江苏,家用电器,日出东方控股股份有限公司
1228,603367.SH,603367,辰欣药业,山东,化学制药,辰欣药业股份有限公司
1229,603368.SH,603368,柳药股份,广西,医药商业,广西柳州医药股份有限公司
1230,603369.SH,603369,今世缘,江苏,白酒,江苏今世缘酒业股份有限公司
1231,603377.SH,603377,东方时尚,北京,汽车服务,东方时尚驾驶学校股份有限公司
1232,603378.SH,603378,亚士创能,上海,染料涂料,亚士创能科技(上海)股份有限公司
1233,603379.SH,603379,三美股份,浙江,化工原料,浙江三美化工股份有限公司
1234,603380.SH,603380,易德龙,江苏,元器件,苏州易德龙科技股份有限公司
1235,603383.SH,603383,顶点软件,福建,软件服务,福建顶点软件股份有限公司
1236,603385.SH,603385,惠达卫浴,河北,家居用品,惠达卫浴股份有限公司
1237,603386.SH,603386,广东骏亚,广东,元器件,广东骏亚电子科技股份有限公司
1238,603387.SH,603387,基蛋生物,江苏,医疗保健,基蛋生物科技股份有限公司
1239,603388.SH,603388,元成股份,浙江,建筑工程,元成环境股份有限公司
1240,603389.SH,603389,亚振家居,江苏,家居用品,亚振家居股份有限公司
1241,603390.SH,603390,通达电气,广东,汽车配件,广州通达汽车电气股份有限公司
1242,603392.SH,603392,万泰生物,北京,医疗保健,北京万泰生物药业股份有限公司
1243,603393.SH,603393,新天然气,新疆,供气供热,新疆鑫泰天然气股份有限公司
1244,603396.SH,603396,金辰股份,辽宁,专用机械,营口金辰机械股份有限公司
1245,603398.SH,603398,邦宝益智,广东,文教休闲,广东邦宝益智玩具股份有限公司
1246,603399.SH,603399,吉翔股份,辽宁,小金属,锦州吉翔钼业股份有限公司
1247,603408.SH,603408,建霖家居,福建,家居用品,厦门建霖健康家居股份有限公司
1248,603416.SH,603416,信捷电气,江苏,电气设备,无锡信捷电气股份有限公司
1249,603421.SH,603421,鼎信通讯,山东,通信设备,青岛鼎信通讯股份有限公司
1250,603429.SH,603429,集友股份,安徽,广告包装,安徽集友新材料股份有限公司
1251,603439.SH,603439,贵州三力,贵州,中成药,贵州三力制药股份有限公司
1252,603444.SH,603444,吉比特,福建,互联网,厦门吉比特网络技术股份有限公司
1253,603456.SH,603456,九洲药业,浙江,化学制药,浙江九洲药业股份有限公司
1254,603458.SH,603458,勘设股份,贵州,建筑工程,贵州省交通规划勘察设计研究院股份有限公司
1255,603466.SH,603466,风语筑,上海,文教休闲,上海风语筑文化科技股份有限公司
1256,603477.SH,603477,巨星农牧,四川,纺织,乐山巨星农牧股份有限公司
1257,603486.SH,603486,科沃斯,江苏,家用电器,科沃斯机器人股份有限公司
1258,603488.SH,603488,展鹏科技,江苏,电气设备,展鹏科技股份有限公司
1259,603489.SH,603489,八方股份,江苏,电气设备,八方电气(苏州)股份有限公司
1260,603496.SH,603496,恒为科技,上海,IT设备,恒为科技(上海)股份有限公司
1261,603499.SH,603499,翔港科技,上海,广告包装,上海翔港包装科技股份有限公司
1262,603500.SH,603500,祥和实业,浙江,运输设备,浙江天台祥和实业股份有限公司
1263,603501.SH,603501,韦尔股份,上海,半导体,上海韦尔半导体股份有限公司
1264,603505.SH,603505,金石资源,浙江,矿物制品,金石资源集团股份有限公司
1265,603506.SH,603506,南都物业,浙江,房产服务,南都物业服务集团股份有限公司
1266,603507.SH,603507,振江股份,江苏,钢加工,江苏振江新能源装备股份有限公司
1267,603508.SH,603508,思维列控,河南,软件服务,河南思维自动化设备股份有限公司
1268,603511.SH,603511,爱慕股份,北京,服饰,爱慕股份有限公司
1269,603515.SH,603515,欧普照明,上海,电气设备,欧普照明股份有限公司
1270,603516.SH,603516,淳中科技,北京,通信设备,北京淳中科技股份有限公司
1271,603517.SH,603517,绝味食品,湖南,食品,绝味食品股份有限公司
1272,603518.SH,603518,锦泓集团,江苏,服饰,锦泓时装集团股份有限公司
1273,603519.SH,603519,立霸股份,江苏,家用电器,江苏立霸实业股份有限公司
1274,603520.SH,603520,司太立,浙江,化学制药,浙江司太立制药股份有限公司
1275,603527.SH,603527,众源新材,安徽,铜,安徽众源新材料股份有限公司
1276,603528.SH,603528,多伦科技,江苏,软件服务,多伦科技股份有限公司
1277,603529.SH,603529,爱玛科技,天津,摩托车,爱玛科技集团股份有限公司
1278,603530.SH,603530,神马电力,江苏,电气设备,江苏神马电力股份有限公司
1279,603533.SH,603533,掌阅科技,北京,互联网,掌阅科技股份有限公司
1280,603535.SH,603535,嘉诚国际,广东,仓储物流,广州市嘉诚国际物流股份有限公司
1281,603536.SH,603536,惠发食品,山东,食品,山东惠发食品股份有限公司
1282,603538.SH,603538,美诺华,浙江,化学制药,宁波美诺华药业股份有限公司
1283,603551.SH,603551,奥普家居,浙江,家居用品,奥普家居股份有限公司
1284,603555.SH,603555,ST贵人,福建,服饰,贵人鸟股份有限公司
1285,603556.SH,603556,海兴电力,浙江,电器仪表,杭州海兴电力科技股份有限公司
1286,603557.SH,603557,ST起步,浙江,服饰,起步股份有限公司
1287,603558.SH,603558,健盛集团,浙江,纺织,浙江健盛集团股份有限公司
1288,603559.SH,603559,中通国脉,吉林,通信设备,中通国脉通信股份有限公司
1289,603565.SH,603565,中谷物流,上海,仓储物流,上海中谷物流股份有限公司
1290,603566.SH,603566,普莱柯,河南,生物制药,普莱柯生物工程股份有限公司
1291,603567.SH,603567,珍宝岛,黑龙江,中成药,黑龙江珍宝岛药业股份有限公司
1292,603568.SH,603568,伟明环保,浙江,环境保护,浙江伟明环保股份有限公司
1293,603569.SH,603569,长久物流,北京,仓储物流,北京长久物流股份有限公司
1294,603577.SH,603577,汇金通,山东,钢加工,青岛汇金通电力设备股份有限公司
1295,603578.SH,603578,三星新材,浙江,玻璃,浙江三星新材股份有限公司
1296,603579.SH,603579,荣泰健康,上海,医疗保健,上海荣泰健康科技股份有限公司
1297,603580.SH,603580,艾艾精工,上海,化工原料,艾艾精密工业输送系统(上海)股份有限公司
1298,603583.SH,603583,捷昌驱动,浙江,电气设备,浙江捷昌线性驱动科技股份有限公司
1299,603585.SH,603585,苏利股份,江苏,化工原料,江苏苏利精细化工股份有限公司
1300,603586.SH,603586,金麒麟,山东,汽车配件,山东金麒麟股份有限公司
1301,603587.SH,603587,地素时尚,上海,服饰,地素时尚股份有限公司
1302,603588.SH,603588,高能环境,北京,环境保护,北京高能时代环境技术股份有限公司
1303,603589.SH,603589,口子窖,安徽,白酒,安徽口子酒业股份有限公司
1304,603590.SH,603590,康辰药业,北京,化学制药,北京康辰药业股份有限公司
1305,603595.SH,603595,东尼电子,浙江,元器件,浙江东尼电子股份有限公司
1306,603596.SH,603596,伯特利,安徽,汽车配件,芜湖伯特利汽车安全系统股份有限公司
1307,603598.SH,603598,引力传媒,北京,影视音像,引力传媒股份有限公司
1308,603599.SH,603599,广信股份,安徽,农药化肥,安徽广信农化股份有限公司
1309,603600.SH,603600,永艺股份,浙江,家居用品,永艺家具股份有限公司
1310,603601.SH,603601,再升科技,重庆,玻璃,重庆再升科技股份有限公司
1311,603602.SH,603602,纵横通信,浙江,通信设备,杭州纵横通信股份有限公司
1312,603603.SH,603603,博天环境,北京,环境保护,博天环境集团股份有限公司
1313,603605.SH,603605,珀莱雅,浙江,日用化工,珀莱雅化妆品股份有限公司
1314,603606.SH,603606,东方电缆,浙江,电气设备,宁波东方电缆股份有限公司
1315,603607.SH,603607,京华激光,浙江,造纸,浙江京华激光科技股份有限公司
1316,603608.SH,603608,天创时尚,广东,服饰,天创时尚股份有限公司
1317,603609.SH,603609,禾丰股份,辽宁,饲料,禾丰食品股份有限公司
1318,603610.SH,603610,麒盛科技,浙江,家居用品,麒盛科技股份有限公司
1319,603611.SH,603611,诺力股份,浙江,运输设备,诺力智能装备股份有限公司
1320,603612.SH,603612,索通发展,山东,矿物制品,索通发展股份有限公司
1321,603613.SH,603613,国联股份,北京,互联网,北京国联视讯信息技术股份有限公司
1322,603615.SH,603615,茶花股份,福建,家居用品,茶花现代家居用品股份有限公司
1323,603616.SH,603616,韩建河山,北京,其他建材,北京韩建河山管业股份有限公司
1324,603617.SH,603617,君禾股份,浙江,专用机械,君禾泵业股份有限公司
1325,603618.SH,603618,杭电股份,浙江,电气设备,杭州电缆股份有限公司
1326,603619.SH,603619,中曼石油,上海,石油开采,中曼石油天然气集团股份有限公司
1327,603626.SH,603626,科森科技,江苏,专用机械,昆山科森科技股份有限公司
1328,603628.SH,603628,清源股份,福建,电气设备,清源科技(厦门)股份有限公司
1329,603629.SH,603629,利通电子,江苏,元器件,江苏利通电子股份有限公司
1330,603630.SH,603630,拉芳家化,广东,日用化工,拉芳家化股份有限公司
1331,603633.SH,603633,徕木股份,上海,元器件,上海徕木电子股份有限公司
1332,603636.SH,603636,南威软件,福建,软件服务,南威软件股份有限公司
1333,603637.SH,603637,镇海股份,浙江,建筑工程,镇海石化工程股份有限公司
1334,603638.SH,603638,艾迪精密,山东,专用机械,烟台艾迪精密机械股份有限公司
1335,603639.SH,603639,海利尔,山东,农药化肥,海利尔药业集团股份有限公司
1336,603648.SH,603648,畅联股份,上海,仓储物流,上海畅联国际物流股份有限公司
1337,603650.SH,603650,彤程新材,上海,化工原料,彤程新材料集团股份有限公司
1338,603655.SH,603655,朗博科技,江苏,汽车配件,常州朗博密封科技股份有限公司
1339,603656.SH,603656,泰禾智能,安徽,专用机械,合肥泰禾智能科技集团股份有限公司
1340,603657.SH,603657,春光科技,浙江,家用电器,金华春光橡塑科技股份有限公司
1341,603658.SH,603658,安图生物,河南,医疗保健,郑州安图生物工程股份有限公司
1342,603659.SH,603659,璞泰来,上海,化工原料,上海璞泰来新能源科技股份有限公司
1343,603660.SH,603660,苏州科达,江苏,通信设备,苏州科达科技股份有限公司
1344,603661.SH,603661,恒林股份,浙江,家居用品,恒林家居股份有限公司
1345,603662.SH,603662,柯力传感,浙江,电器仪表,宁波柯力传感科技股份有限公司
1346,603663.SH,603663,三祥新材,福建,矿物制品,三祥新材股份有限公司
1347,603665.SH,603665,康隆达,浙江,纺织,浙江康隆达特种防护科技股份有限公司
1348,603666.SH,603666,亿嘉和,江苏,专用机械,亿嘉和科技股份有限公司
1349,603667.SH,603667,五洲新春,浙江,机械基件,浙江五洲新春集团股份有限公司
1350,603668.SH,603668,天马科技,福建,饲料,福建天马科技集团股份有限公司
1351,603669.SH,603669,灵康药业,西藏,化学制药,灵康药业集团股份有限公司
1352,603676.SH,603676,卫信康,西藏,化学制药,西藏卫信康医药股份有限公司
1353,603677.SH,603677,奇精机械,浙江,机械基件,奇精机械股份有限公司
1354,603678.SH,603678,火炬电子,福建,元器件,福建火炬电子科技股份有限公司
1355,603679.SH,603679,华体科技,四川,电气设备,四川华体照明科技股份有限公司
1356,603680.SH,603680,今创集团,江苏,运输设备,今创集团股份有限公司
1357,603681.SH,603681,永冠新材,上海,化工原料,上海永冠众诚新材料科技(集团)股份有限公司
1358,603682.SH,603682,锦和商业,上海,房产服务,上海锦和商业经营管理股份有限公司
1359,603683.SH,603683,晶华新材,上海,化工原料,上海晶华胶粘新材料股份有限公司
1360,603685.SH,603685,晨丰科技,浙江,电气设备,浙江晨丰科技股份有限公司
1361,603686.SH,603686,龙马环卫,福建,环境保护,福建龙马环卫装备股份有限公司
1362,603687.SH,603687,大胜达,浙江,广告包装,浙江大胜达包装股份有限公司
1363,603688.SH,603688,石英股份,江苏,矿物制品,江苏太平洋石英股份有限公司
1364,603689.SH,603689,皖天然气,安徽,供气供热,安徽省天然气开发股份有限公司
1365,603690.SH,603690,至纯科技,上海,专用机械,上海至纯洁净系统科技股份有限公司
1366,603693.SH,603693,江苏新能,江苏,新型电力,江苏省新能源开发股份有限公司
1367,603696.SH,603696,安记食品,福建,食品,安记食品股份有限公司
1368,603697.SH,603697,有友食品,重庆,食品,有友食品股份有限公司
1369,603698.SH,603698,航天工程,北京,专用机械,航天长征化学工程股份有限公司
1370,603699.SH,603699,纽威股份,江苏,专用机械,苏州纽威阀门股份有限公司
1371,603700.SH,603700,宁水集团,浙江,电器仪表,宁波水表(集团)股份有限公司
1372,603701.SH,603701,德宏股份,浙江,汽车配件,浙江德宏汽车电子电器股份有限公司
1373,603703.SH,603703,盛洋科技,浙江,通信设备,浙江盛洋科技股份有限公司
1374,603706.SH,603706,东方环宇,新疆,供气供热,新疆东方环宇燃气股份有限公司
1375,603707.SH,603707,健友股份,江苏,化学制药,南京健友生化制药股份有限公司
1376,603708.SH,603708,家家悦,山东,超市连锁,家家悦集团股份有限公司
1377,603709.SH,603709,中源家居,浙江,家居用品,中源家居股份有限公司
1378,603711.SH,603711,香飘飘,浙江,软饮料,香飘飘食品股份有限公司
1379,603712.SH,603712,七一二,天津,通信设备,天津七一二通信广播股份有限公司
1380,603713.SH,603713,密尔克卫,上海,仓储物流,密尔克卫化工供应链服务股份有限公司
1381,603716.SH,603716,塞力医疗,湖北,医药商业,塞力斯医疗科技集团股份有限公司
1382,603717.SH,603717,天域生态,重庆,环境保护,天域生态环境股份有限公司
1383,603718.SH,603718,海利生物,上海,生物制药,上海海利生物技术股份有限公司
1384,603719.SH,603719,良品铺子,湖北,食品,良品铺子股份有限公司
1385,603721.SH,603721,中广天择,湖南,影视音像,中广天择传媒股份有限公司
1386,603722.SH,603722,阿科力,江苏,化工原料,无锡阿科力科技股份有限公司
1387,603725.SH,603725,天安新材,广东,塑料,广东天安新材料股份有限公司
1388,603726.SH,603726,朗迪集团,浙江,机械基件,浙江朗迪集团股份有限公司
1389,603727.SH,603727,博迈科,天津,石油开采,博迈科海洋工程股份有限公司
1390,603728.SH,603728,鸣志电器,上海,电气设备,上海鸣志电器股份有限公司
1391,603729.SH,603729,ST龙韵,上海,广告包装,上海龙韵文创科技集团股份有限公司
1392,603730.SH,603730,岱美股份,上海,汽车配件,上海岱美汽车内饰件股份有限公司
1393,603733.SH,603733,仙鹤股份,浙江,造纸,仙鹤股份有限公司
1394,603737.SH,603737,三棵树,福建,染料涂料,三棵树涂料股份有限公司
1395,603738.SH,603738,泰晶科技,湖北,元器件,泰晶科技股份有限公司
1396,603739.SH,603739,蔚蓝生物,山东,农业综合,青岛蔚蓝生物股份有限公司
1397,603755.SH,603755,日辰股份,山东,食品,青岛日辰食品股份有限公司
1398,603757.SH,603757,大元泵业,浙江,专用机械,浙江大元泵业股份有限公司
1399,603758.SH,603758,秦安股份,重庆,汽车配件,重庆秦安机电股份有限公司
1400,603759.SH,603759,海天股份,四川,水务,海天水务集团股份公司
1401,603766.SH,603766,隆鑫通用,重庆,摩托车,隆鑫通用动力股份有限公司
1402,603767.SH,603767,中马传动,浙江,汽车配件,浙江中马传动股份有限公司
1403,603768.SH,603768,常青股份,安徽,汽车配件,合肥常青机械股份有限公司
1404,603773.SH,603773,沃格光电,江西,元器件,江西沃格光电股份有限公司
1405,603776.SH,603776,永安行,江苏,公共交通,永安行科技股份有限公司
1406,603777.SH,603777,来伊份,上海,食品,上海来伊份股份有限公司
1407,603778.SH,603778,乾景园林,北京,建筑工程,北京乾景园林股份有限公司
1408,603779.SH,603779,威龙股份,山东,红黄酒,威龙葡萄酒股份有限公司
1409,603786.SH,603786,科博达,上海,汽车配件,科博达技术股份有限公司
1410,603787.SH,603787,新日股份,江苏,摩托车,江苏新日电动车股份有限公司
1411,603788.SH,603788,宁波高发,浙江,汽车配件,宁波高发汽车控制系统股份有限公司
1412,603789.SH,603789,星光农机,浙江,农用机械,星光农机股份有限公司
1413,603790.SH,603790,雅运股份,上海,染料涂料,上海雅运纺织化工股份有限公司
1414,603797.SH,603797,联泰环保,广东,环境保护,广东联泰环保股份有限公司
1415,603798.SH,603798,康普顿,山东,石油加工,青岛康普顿科技股份有限公司
1416,603799.SH,603799,华友钴业,浙江,小金属,浙江华友钴业股份有限公司
1417,603800.SH,603800,道森股份,江苏,专用机械,苏州道森钻采设备股份有限公司
1418,603801.SH,603801,志邦家居,安徽,家居用品,志邦家居股份有限公司
1419,603803.SH,603803,瑞斯康达,北京,通信设备,瑞斯康达科技发展股份有限公司
1420,603806.SH,603806,福斯特,浙江,塑料,杭州福斯特应用材料股份有限公司
1421,603808.SH,603808,歌力思,深圳,服饰,深圳歌力思服饰股份有限公司
1422,603809.SH,603809,豪能股份,四川,汽车配件,成都豪能科技股份有限公司
1423,603810.SH,603810,丰山集团,江苏,农药化肥,江苏丰山集团股份有限公司
1424,603811.SH,603811,诚意药业,浙江,化学制药,浙江诚意药业股份有限公司
1425,603813.SH,603813,原尚股份,广东,仓储物流,广东原尚物流股份有限公司
1426,603815.SH,603815,交建股份,安徽,建筑工程,安徽省交通建设股份有限公司
1427,603816.SH,603816,顾家家居,浙江,家居用品,顾家家居股份有限公司
1428,603817.SH,603817,海峡环保,福建,环境保护,福建海峡环保集团股份有限公司
1429,603818.SH,603818,曲美家居,北京,家居用品,曲美家居集团股份有限公司
1430,603819.SH,603819,神力股份,江苏,电气设备,常州神力电机股份有限公司
1431,603822.SH,603822,嘉澳环保,浙江,环境保护,浙江嘉澳环保科技股份有限公司
1432,603823.SH,603823,百合花,浙江,染料涂料,百合花集团股份有限公司
1433,603825.SH,603825,华扬联众,北京,互联网,华扬联众数字技术股份有限公司
1434,603826.SH,603826,坤彩科技,福建,染料涂料,福建坤彩材料科技股份有限公司
1435,603828.SH,603828,柯利达,江苏,装修装饰,苏州柯利达装饰股份有限公司
1436,603829.SH,603829,洛凯股份,江苏,电气设备,江苏洛凯机电股份有限公司
1437,603833.SH,603833,欧派家居,广东,家居用品,欧派家居集团股份有限公司
1438,603836.SH,603836,海程邦达,山东,仓储物流,海程邦达供应链管理股份有限公司
1439,603838.SH,603838,四通股份,广东,陶瓷,广东四通集团股份有限公司
1440,603839.SH,603839,安正时尚,浙江,服饰,安正时尚集团股份有限公司
1441,603843.SH,603843,正平股份,青海,建筑工程,正平路桥建设股份有限公司
1442,603848.SH,603848,好太太,广东,家居用品,广东好太太科技集团股份有限公司
1443,603855.SH,603855,华荣股份,上海,专用机械,华荣科技股份有限公司
1444,603856.SH,603856,东宏股份,山东,塑料,山东东宏管业股份有限公司
1445,603858.SH,603858,步长制药,山东,中成药,山东步长制药股份有限公司
1446,603859.SH,603859,能科科技,北京,软件服务,能科科技股份有限公司
1447,603860.SH,603860,中公高科,北京,路桥,中公高科养护科技股份有限公司
1448,603861.SH,603861,白云电器,广东,电气设备,广州白云电器设备股份有限公司
1449,603863.SH,603863,ST松炀,广东,造纸,广东松炀再生资源股份有限公司
1450,603866.SH,603866,桃李面包,辽宁,食品,桃李面包股份有限公司
1451,603867.SH,603867,新化股份,浙江,化工原料,浙江新化化工股份有限公司
1452,603868.SH,603868,飞科电器,上海,家用电器,上海飞科电器股份有限公司
1453,603869.SH,603869,新智认知,广西,软件服务,新智认知数字科技股份有限公司
1454,603871.SH,603871,嘉友国际,北京,仓储物流,嘉友国际物流股份有限公司
1455,603876.SH,603876,鼎胜新材,江苏,铝,江苏鼎胜新能源材料股份有限公司
1456,603877.SH,603877,太平鸟,浙江,服饰,宁波太平鸟时尚服饰股份有限公司
1457,603878.SH,603878,武进不锈,江苏,钢加工,江苏武进不锈股份有限公司
1458,603879.SH,603879,永悦科技,福建,化工原料,永悦科技股份有限公司
1459,603880.SH,603880,南卫股份,江苏,医疗保健,江苏南方卫材医药股份有限公司
1460,603881.SH,603881,数据港,上海,电信运营,上海数据港股份有限公司
1461,603882.SH,603882,金域医学,广东,医疗保健,广州金域医学检验集团股份有限公司
1462,603883.SH,603883,老百姓,湖南,医药商业,老百姓大药房连锁股份有限公司
1463,603885.SH,603885,吉祥航空,上海,空运,上海吉祥航空股份有限公司
1464,603886.SH,603886,元祖股份,上海,食品,上海元祖梦果子股份有限公司
1465,603887.SH,603887,城地香江,上海,软件服务,上海城地香江数据科技股份有限公司
1466,603888.SH,603888,新华网,北京,互联网,新华网股份有限公司
1467,603889.SH,603889,新澳股份,浙江,纺织,浙江新澳纺织股份有限公司
1468,603890.SH,603890,春秋电子,江苏,元器件,苏州春秋电子科技股份有限公司
1469,603893.SH,603893,瑞芯微,福建,半导体,瑞芯微电子股份有限公司
1470,603895.SH,603895,天永智能,上海,专用机械,上海天永智能装备股份有限公司
1471,603896.SH,603896,寿仙谷,浙江,中成药,浙江寿仙谷医药股份有限公司
1472,603897.SH,603897,长城科技,浙江,电气设备,浙江长城电工科技股份有限公司
1473,603898.SH,603898,好莱客,广东,家居用品,广州好莱客创意家居股份有限公司
1474,603899.SH,603899,晨光文具,上海,文教休闲,上海晨光文具股份有限公司
1475,603900.SH,603900,莱绅通灵,江苏,服饰,莱绅通灵珠宝股份有限公司
1476,603901.SH,603901,永创智能,浙江,专用机械,杭州永创智能设备股份有限公司
1477,603903.SH,603903,中持股份,北京,环境保护,中持水务股份有限公司
1478,603906.SH,603906,龙蟠科技,江苏,化工原料,江苏龙蟠科技股份有限公司
1479,603908.SH,603908,牧高笛,浙江,纺织,牧高笛户外用品股份有限公司
1480,603909.SH,603909,合诚股份,福建,建筑工程,合诚工程咨询集团股份有限公司
1481,603912.SH,603912,佳力图,江苏,专用机械,南京佳力图机房环境技术股份有限公司
1482,603915.SH,603915,国茂股份,江苏,机械基件,江苏国茂减速机股份有限公司
1483,603916.SH,603916,苏博特,江苏,化工原料,江苏苏博特新材料股份有限公司
1484,603917.SH,603917,合力科技,浙江,汽车配件,宁波合力科技股份有限公司
1485,603918.SH,603918,金桥信息,上海,软件服务,上海金桥信息股份有限公司
1486,603919.SH,603919,金徽酒,甘肃,白酒,金徽酒股份有限公司
1487,603920.SH,603920,世运电路,广东,元器件,广东世运电路科技股份有限公司
1488,603922.SH,603922,金鸿顺,江苏,汽车配件,苏州金鸿顺汽车部件股份有限公司
1489,603926.SH,603926,铁流股份,浙江,汽车配件,浙江铁流离合器股份有限公司
1490,603927.SH,603927,中科软,北京,软件服务,中科软科技股份有限公司
1491,603928.SH,603928,兴业股份,江苏,化工原料,苏州兴业材料科技股份有限公司
1492,603929.SH,603929,亚翔集成,江苏,装修装饰,亚翔系统集成科技(苏州)股份有限公司
1493,603931.SH,603931,格林达,浙江,化工原料,杭州格林达电子材料股份有限公司
1494,603933.SH,603933,睿能科技,福建,纺织机械,福建睿能科技股份有限公司
1495,603936.SH,603936,博敏电子,广东,元器件,博敏电子股份有限公司
1496,603937.SH,603937,丽岛新材,江苏,铝,江苏丽岛新材料股份有限公司
1497,603938.SH,603938,三孚股份,河北,化工原料,唐山三孚硅业股份有限公司
1498,603939.SH,603939,益丰药房,湖南,医药商业,益丰大药房连锁股份有限公司
1499,603948.SH,603948,建业股份,浙江,化工原料,浙江建业化工股份有限公司
1500,603949.SH,603949,雪龙集团,浙江,汽车配件,雪龙集团股份有限公司
1501,603950.SH,603950,长源东谷,湖北,汽车配件,襄阳长源东谷实业股份有限公司
1502,603955.SH,603955,大千生态,江苏,环境保护,大千生态环境集团股份有限公司
1503,603956.SH,603956,威派格,上海,专用机械,上海威派格智慧水务股份有限公司
1504,603958.SH,603958,哈森股份,江苏,服饰,哈森商贸(中国)股份有限公司
1505,603959.SH,603959,百利科技,湖南,建筑工程,湖南百利工程科技股份有限公司
1506,603960.SH,603960,克来机电,上海,专用机械,上海克来机电自动化工程股份有限公司
1507,603963.SH,603963,大理药业,云南,化学制药,大理药业股份有限公司
1508,603966.SH,603966,法兰泰克,江苏,机械基件,法兰泰克重工股份有限公司
1509,603967.SH,603967,中创物流,山东,仓储物流,中创物流股份有限公司
1510,603968.SH,603968,醋化股份,江苏,化工原料,南通醋酸化工股份有限公司
1511,603969.SH,603969,银龙股份,天津,其他建材,天津银龙预应力材料股份有限公司
1512,603970.SH,603970,中农立华,北京,其他商业,中农立华生物科技股份有限公司
1513,603976.SH,603976,正川股份,重庆,医疗保健,重庆正川医药包装材料股份有限公司
1514,603977.SH,603977,国泰集团,江西,化工原料,江西国泰集团股份有限公司
1515,603978.SH,603978,深圳新星,深圳,铝,深圳市新星轻合金材料股份有限公司
1516,603979.SH,603979,金诚信,北京,建筑工程,金诚信矿业管理股份有限公司
1517,603980.SH,603980,吉华集团,浙江,染料涂料,浙江吉华集团股份有限公司
1518,603982.SH,603982,泉峰汽车,江苏,汽车配件,南京泉峰汽车精密技术股份有限公司
1519,603983.SH,603983,丸美股份,广东,日用化工,广东丸美生物技术股份有限公司
1520,603985.SH,603985,恒润股份,江苏,机械基件,江阴市恒润重工股份有限公司
1521,603986.SH,603986,兆易创新,北京,半导体,北京兆易创新科技股份有限公司
1522,603987.SH,603987,康德莱,上海,医疗保健,上海康德莱企业发展集团股份有限公司
1523,603988.SH,603988,中电电机,江苏,电气设备,中电电机股份有限公司
1524,603989.SH,603989,艾华集团,湖南,元器件,湖南艾华集团股份有限公司
1525,603990.SH,603990,麦迪科技,江苏,软件服务,苏州麦迪斯顿医疗科技股份有限公司
1526,603991.SH,603991,至正股份,深圳,塑料,深圳至正高分子材料股份有限公司
1527,603992.SH,603992,松霖科技,福建,家居用品,厦门松霖科技股份有限公司
1528,603993.SH,603993,洛阳钼业,河南,小金属,洛阳栾川钼业集团股份有限公司
1529,603995.SH,603995,甬金股份,浙江,特种钢,浙江甬金金属科技股份有限公司
1530,603996.SH,603996,*ST中新,浙江,家用电器,中新科技集团股份有限公司
1531,603997.SH,603997,继峰股份,浙江,汽车配件,宁波继峰汽车零部件股份有限公司
1532,603998.SH,603998,方盛制药,湖南,中成药,湖南方盛制药股份有限公司
1533,603999.SH,603999,读者传媒,甘肃,出版业,读者出版传媒股份有限公司
1534,605001.SH,605001,威奥股份,山东,运输设备,青岛威奥轨道股份有限公司
1535,605003.SH,605003,众望布艺,浙江,纺织,众望布艺股份有限公司
1536,605005.SH,605005,合兴股份,浙江,汽车配件,合兴汽车电子股份有限公司
1537,605006.SH,605006,山东玻纤,山东,玻璃,山东玻纤集团股份有限公司
1538,605007.SH,605007,五洲特纸,浙江,造纸,衢州五洲特种纸业股份有限公司
1539,605008.SH,605008,长鸿高科,浙江,塑料,宁波长鸿高分子科技股份有限公司
1540,605009.SH,605009,豪悦护理,浙江,造纸,杭州豪悦护理用品股份有限公司
1541,605011.SH,605011,杭州热电,浙江,供气供热,杭州热电集团股份有限公司
1542,605016.SH,605016,百龙创园,山东,食品,山东百龙创园生物科技股份有限公司
1543,605018.SH,605018,长华股份,浙江,汽车配件,浙江长华汽车零部件股份有限公司
1544,605020.SH,605020,永和股份,浙江,化工原料,浙江永和制冷股份有限公司
1545,605028.SH,605028,世茂能源,浙江,供气供热,宁波世茂能源股份有限公司
1546,605033.SH,605033,美邦股份,陕西,农药化肥,陕西美邦药业集团股份有限公司
1547,605050.SH,605050,福然德,上海,仓储物流,福然德股份有限公司
1548,605055.SH,605055,迎丰股份,浙江,纺织,浙江迎丰科技股份有限公司
1549,605056.SH,605056,咸亨国际,浙江,电器仪表,咸亨国际科技股份有限公司
1550,605058.SH,605058,澳弘电子,江苏,元器件,常州澳弘电子股份有限公司
1551,605060.SH,605060,联德股份,浙江,机械基件,杭州联德精密机械股份有限公司
1552,605066.SH,605066,天正电气,浙江,电气设备,浙江天正电气股份有限公司
1553,605068.SH,605068,明新旭腾,浙江,汽车配件,明新旭腾新材料股份有限公司
1554,605069.SH,605069,正和生态,北京,环境保护,北京正和恒基滨水生态环境治理股份有限公司
1555,605077.SH,605077,华康股份,浙江,食品,浙江华康药业股份有限公司
1556,605080.SH,605080,浙江自然,浙江,纺织,浙江大自然户外用品股份有限公司
1557,605081.SH,605081,太和水,上海,环境保护,上海太和水环境科技发展股份有限公司
1558,605086.SH,605086,龙高股份,福建,矿物制品,龙岩高岭土股份有限公司
1559,605088.SH,605088,冠盛股份,浙江,汽车配件,温州市冠盛汽车零部件集团股份有限公司
1560,605089.SH,605089,味知香,江苏,食品,苏州市味知香食品股份有限公司
1561,605090.SH,605090,九丰能源,江西,供气供热,江西九丰能源股份有限公司
1562,605098.SH,605098,行动教育,上海,文教休闲,上海行动教育科技股份有限公司
1563,605099.SH,605099,共创草坪,江苏,文教休闲,江苏共创人造草坪股份有限公司
1564,605100.SH,605100,华丰股份,山东,机械基件,华丰动力股份有限公司
1565,605108.SH,605108,同庆楼,安徽,酒店餐饮,同庆楼餐饮股份有限公司
1566,605111.SH,605111,新洁能,江苏,半导体,无锡新洁能股份有限公司
1567,605116.SH,605116,奥锐特,浙江,化学制药,奥锐特药业股份有限公司
1568,605117.SH,605117,德业股份,浙江,家用电器,宁波德业科技股份有限公司
1569,605118.SH,605118,力鼎光电,福建,元器件,厦门力鼎光电股份有限公司
1570,605122.SH,605122,四方新材,重庆,其他建材,重庆四方新材股份有限公司
1571,605123.SH,605123,派克新材,江苏,钢加工,无锡派克新材料科技股份有限公司
1572,605128.SH,605128,上海沿浦,上海,汽车配件,上海沿浦金属制品股份有限公司
1573,605133.SH,605133,嵘泰股份,江苏,汽车配件,江苏嵘泰工业股份有限公司
1574,605136.SH,605136,丽人丽妆,上海,其他商业,上海丽人丽妆化妆品股份有限公司
1575,605151.SH,605151,西上海,上海,汽车配件,西上海汽车服务股份有限公司
1576,605155.SH,605155,西大门,浙江,化工原料,浙江西大门新材料股份有限公司
1577,605158.SH,605158,华达新材,浙江,钢加工,浙江华达新型材料股份有限公司
1578,605162.SH,605162,新中港,浙江,供气供热,浙江新中港热电股份有限公司
1579,605166.SH,605166,聚合顺,浙江,化工原料,杭州聚合顺新材料股份有限公司
1580,605167.SH,605167,利柏特,江苏,专用机械,江苏利柏特股份有限公司
1581,605168.SH,605168,三人行,陕西,互联网,三人行传媒集团股份有限公司
1582,605169.SH,605169,洪通燃气,新疆,供气供热,新疆洪通燃气股份有限公司
1583,605177.SH,605177,东亚药业,浙江,化学制药,浙江东亚药业股份有限公司
1584,605178.SH,605178,时空科技,北京,装修装饰,北京新时空科技股份有限公司
1585,605179.SH,605179,一鸣食品,浙江,乳制品,浙江一鸣食品股份有限公司
1586,605180.SH,605180,华生科技,浙江,塑料,浙江华生科技股份有限公司
1587,605183.SH,605183,确成股份,江苏,化工原料,确成硅化学股份有限公司
1588,605186.SH,605186,健麾信息,上海,医疗保健,上海健麾信息技术股份有限公司
1589,605188.SH,605188,国光连锁,江西,超市连锁,江西国光商业连锁股份有限公司
1590,605189.SH,605189,富春染织,安徽,纺织,芜湖富春染织股份有限公司
1591,605196.SH,605196,华通线缆,河北,电气设备,河北华通线缆集团股份有限公司
1592,605198.SH,605198,德利股份,山东,软饮料,烟台北方安德利果汁股份有限公司
1593,605199.SH,605199,葫芦娃,海南,中成药,海南葫芦娃药业集团股份有限公司
1594,605208.SH,605208,永茂泰,上海,汽车配件,上海永茂泰汽车科技股份有限公司
1595,605218.SH,605218,伟时电子,江苏,元器件,伟时电子股份有限公司
1596,605222.SH,605222,起帆电缆,上海,电气设备,上海起帆电缆股份有限公司
1597,605228.SH,605228,神通科技,浙江,汽车配件,神通科技集团股份有限公司
1598,605255.SH,605255,天普股份,浙江,汽车配件,宁波市天普橡胶科技股份有限公司
1599,605258.SH,605258,协和电子,江苏,元器件,江苏协和电子股份有限公司
1600,605259.SH,605259,绿田机械,浙江,农用机械,绿田机械股份有限公司
1601,605266.SH,605266,健之佳,云南,医药商业,云南健之佳健康连锁店股份有限公司
1602,605268.SH,605268,王力安防,浙江,家居用品,王力安防科技股份有限公司
1603,605277.SH,605277,新亚电子,浙江,电气设备,新亚电子股份有限公司
1604,605286.SH,605286,同力日升,江苏,运输设备,江苏同力日升机械股份有限公司
1605,605287.SH,605287,德才股份,山东,装修装饰,德才装饰股份有限公司
1606,605288.SH,605288,凯迪股份,江苏,电气设备,常州市凯迪电器股份有限公司
1607,605289.SH,605289,罗曼股份,上海,建筑工程,上海罗曼照明科技股份有限公司
1608,605296.SH,605296,神农集团,云南,农业综合,云南神农农业产业集团股份有限公司
1609,605298.SH,605298,必得科技,江苏,运输设备,江苏必得科技股份有限公司
1610,605299.SH,605299,舒华体育,福建,文教休闲,舒华体育股份有限公司
1611,605300.SH,605300,佳禾食品,江苏,食品,佳禾食品工业股份有限公司
1612,605303.SH,605303,园林股份,浙江,建筑工程,杭州市园林绿化股份有限公司
1613,605305.SH,605305,中际联合,北京,专用机械,中际联合(北京)科技股份有限公司
1614,605318.SH,605318,法狮龙,浙江,装修装饰,法狮龙家居建材股份有限公司
1615,605319.SH,605319,无锡振华,江苏,汽车配件,无锡市振华汽车部件股份有限公司
1616,605333.SH,605333,沪光股份,江苏,汽车配件,昆山沪光汽车电器股份有限公司
1617,605336.SH,605336,帅丰电器,浙江,家用电器,浙江帅丰电器股份有限公司
1618,605337.SH,605337,李子园,浙江,乳制品,浙江李子园食品股份有限公司
1619,605338.SH,605338,巴比食品,上海,食品,中饮巴比食品股份有限公司
1620,605339.SH,605339,南侨食品,上海,食品,南侨食品集团(上海)股份有限公司
1621,605358.SH,605358,立昂微,浙江,半导体,杭州立昂微电子股份有限公司
1622,605365.SH,605365,立达信,福建,家用电器,立达信物联科技股份有限公司
1623,605366.SH,605366,宏柏新材,江西,化工原料,江西宏柏新材料股份有限公司
1624,605368.SH,605368,蓝天燃气,河南,供气供热,河南蓝天燃气股份有限公司
1625,605369.SH,605369,拱东医疗,浙江,医疗保健,浙江拱东医疗器械股份有限公司
1626,605376.SH,605376,博迁新材,江苏,小金属,江苏博迁新材料股份有限公司
1627,605377.SH,605377,华旺科技,浙江,造纸,杭州华旺新材料科技股份有限公司
1628,605378.SH,605378,野马电池,浙江,电气设备,浙江野马电池股份有限公司
1629,605388.SH,605388,均瑶健康,湖北,软饮料,湖北均瑶大健康饮品股份有限公司
1630,605389.SH,605389,长龄液压,江苏,机械基件,江苏长龄液压股份有限公司
1631,605398.SH,605398,新炬网络,上海,软件服务,上海新炬网络信息技术股份有限公司
1632,605399.SH,605399,晨光新材,江西,化工原料,江西晨光新材料股份有限公司
1633,605488.SH,605488,福莱新材,浙江,塑料,浙江福莱新材料股份有限公司
1634,605499.SH,605499,东鹏饮料,深圳,软饮料,东鹏饮料(集团)股份有限公司
1635,605500.SH,605500,森林包装,浙江,造纸,森林包装集团股份有限公司
1636,605507.SH,605507,国邦医药,浙江,化学制药,国邦医药集团股份有限公司
1637,605567.SH,605567,春雪食品,山东,食品,春雪食品集团股份有限公司
1638,605577.SH,605577,龙版传媒,黑龙江,出版业,黑龙江出版传媒股份有限公司
1639,605580.SH,605580,恒盛能源,浙江,供气供热,恒盛能源股份有限公司
1640,605588.SH,605588,冠石科技,江苏,半导体,南京冠石科技股份有限公司
1641,605589.SH,605589,圣泉集团,山东,化工原料,济南圣泉集团股份有限公司
1642,605598.SH,605598,上海港湾,上海,建筑工程,上海港湾基础建设(集团)股份有限公司
1643,605599.SH,605599,菜百股份,北京,黄金,北京菜市口百货股份有限公司
1644,688001.SH,688001,华兴源创,江苏,专用机械,苏州华兴源创科技股份有限公司
1645,688002.SH,688002,睿创微纳,山东,通信设备,烟台睿创微纳技术股份有限公司
1646,688003.SH,688003,天准科技,江苏,专用机械,苏州天准科技股份有限公司
1647,688004.SH,688004,博汇科技,北京,软件服务,北京市博汇科技股份有限公司
1648,688005.SH,688005,容百科技,浙江,电气设备,宁波容百新能源科技股份有限公司
1649,688006.SH,688006,杭可科技,浙江,电气设备,浙江杭可科技股份有限公司
1650,688007.SH,688007,光峰科技,深圳,元器件,深圳光峰科技股份有限公司
1651,688008.SH,688008,澜起科技,上海,半导体,澜起科技股份有限公司
1652,688009.SH,688009,中国通号,北京,运输设备,中国铁路通信信号股份有限公司
1653,688010.SH,688010,福光股份,福建,电器仪表,福建福光股份有限公司
1654,688011.SH,688011,新光光电,黑龙江,元器件,哈尔滨新光光电科技股份有限公司
1655,688012.SH,688012,中微公司,上海,专用机械,中微半导体设备(上海)股份有限公司
1656,688013.SH,688013,天臣医疗,江苏,医疗保健,天臣国际医疗科技股份有限公司
1657,688015.SH,688015,交控科技,北京,运输设备,交控科技股份有限公司
1658,688016.SH,688016,心脉医疗,上海,医疗保健,上海微创心脉医疗科技(集团)股份有限公司
1659,688017.SH,688017,绿的谐波,江苏,机械基件,苏州绿的谐波传动科技股份有限公司
1660,688018.SH,688018,乐鑫科技,上海,半导体,乐鑫信息科技(上海)股份有限公司
1661,688019.SH,688019,安集科技,上海,半导体,安集微电子科技(上海)股份有限公司
1662,688020.SH,688020,方邦股份,广东,元器件,广州方邦电子股份有限公司
1663,688021.SH,688021,奥福环保,山东,环境保护,山东奥福环保科技股份有限公司
1664,688022.SH,688022,瀚川智能,江苏,专用机械,苏州瀚川智能科技股份有限公司
1665,688023.SH,688023,安恒信息,浙江,软件服务,杭州安恒信息技术股份有限公司
1666,688025.SH,688025,杰普特,深圳,元器件,深圳市杰普特光电股份有限公司
1667,688026.SH,688026,洁特生物,广东,塑料,广州洁特生物过滤股份有限公司
1668,688027.SH,688027,国盾量子,安徽,通信设备,科大国盾量子技术股份有限公司
1669,688028.SH,688028,沃尔德,北京,专用机械,北京沃尔德金刚石工具股份有限公司
1670,688029.SH,688029,南微医学,江苏,医疗保健,南微医学科技股份有限公司
1671,688030.SH,688030,山石网科,江苏,软件服务,山石网科通信技术股份有限公司
1672,688033.SH,688033,天宜上佳,北京,运输设备,北京天宜上佳高新材料股份有限公司
1673,688036.SH,688036,传音控股,深圳,通信设备,深圳传音控股股份有限公司
1674,688037.SH,688037,芯源微,辽宁,半导体,沈阳芯源微电子设备股份有限公司
1675,688038.SH,688038,中科通达,湖北,软件服务,武汉中科通达高新技术股份有限公司
1676,688039.SH,688039,当虹科技,浙江,软件服务,杭州当虹科技股份有限公司
1677,688050.SH,688050,爱博医疗,北京,医疗保健,爱博诺德(北京)医疗科技股份有限公司
1678,688051.SH,688051,佳华科技,北京,软件服务,罗克佳华科技集团股份有限公司
1679,688055.SH,688055,龙腾光电,江苏,元器件,昆山龙腾光电股份有限公司
1680,688056.SH,688056,莱伯泰科,北京,电器仪表,北京莱伯泰科仪器股份有限公司
1681,688057.SH,688057,金达莱,江西,环境保护,江西金达莱环保股份有限公司
1682,688058.SH,688058,宝兰德,北京,软件服务,北京宝兰德软件股份有限公司
1683,688059.SH,688059,华锐精密,湖南,机械基件,株洲华锐精密工具股份有限公司
1684,688060.SH,688060,云涌科技,江苏,软件服务,江苏云涌电子科技股份有限公司
1685,688063.SH,688063,派能科技,上海,电气设备,上海派能能源科技股份有限公司
1686,688065.SH,688065,凯赛生物,上海,化纤,上海凯赛生物技术股份有限公司
1687,688066.SH,688066,航天宏图,北京,软件服务,航天宏图信息技术股份有限公司
1688,688067.SH,688067,爱威科技,湖南,医疗保健,爱威科技股份有限公司
1689,688068.SH,688068,热景生物,北京,医疗保健,北京热景生物技术股份有限公司
1690,688069.SH,688069,德林海,江苏,环境保护,无锡德林海环保科技股份有限公司
1691,688070.SH,688070,纵横股份,四川,航空,成都纵横自动化技术股份有限公司
1692,688071.SH,688071,华依科技,上海,专用机械,上海华依科技集团股份有限公司
1693,688076.SH,688076,诺泰生物,江苏,生物制药,江苏诺泰澳赛诺生物制药股份有限公司
1694,688077.SH,688077,大地熊,安徽,元器件,安徽大地熊新材料股份有限公司
1695,688078.SH,688078,龙软科技,北京,软件服务,北京龙软科技股份有限公司
1696,688079.SH,688079,美迪凯,浙江,半导体,杭州美迪凯光电科技股份有限公司
1697,688080.SH,688080,映翰通,北京,通信设备,北京映翰通网络技术股份有限公司
1698,688081.SH,688081,兴图新科,湖北,软件服务,武汉兴图新科电子股份有限公司
1699,688083.SH,688083,中望软件,广东,软件服务,广州中望龙腾软件股份有限公司
1700,688085.SH,688085,三友医疗,上海,医疗保健,上海三友医疗器械股份有限公司
1701,688086.SH,688086,紫晶存储,广东,IT设备,广东紫晶信息存储技术股份有限公司
1702,688087.SH,688087,英科再生,山东,环境保护,山东英科环保再生资源股份有限公司
1703,688088.SH,688088,虹软科技,浙江,软件服务,虹软科技股份有限公司
1704,688089.SH,688089,嘉必优,湖北,食品,嘉必优生物技术(武汉)股份有限公司
1705,688090.SH,688090,瑞松科技,广东,专用机械,广州瑞松智能科技股份有限公司
1706,688091.SH,688091,上海谊众-U,上海,化学制药,上海谊众药业股份有限公司
1707,688092.SH,688092,爱科科技,浙江,专用机械,杭州爱科科技股份有限公司
1708,688093.SH,688093,世华科技,江苏,化工原料,苏州世华新材料科技股份有限公司
1709,688095.SH,688095,福昕软件,福建,软件服务,福建福昕软件开发股份有限公司
1710,688096.SH,688096,京源环保,江苏,环境保护,江苏京源环保股份有限公司
1711,688097.SH,688097,博众精工,江苏,专用机械,博众精工科技股份有限公司
1712,688098.SH,688098,申联生物,上海,生物制药,申联生物医药(上海)股份有限公司
1713,688099.SH,688099,晶晨股份,上海,半导体,晶晨半导体(上海)股份有限公司
1714,688100.SH,688100,威胜信息,湖南,通信设备,威胜信息技术股份有限公司
1715,688101.SH,688101,三达膜,陕西,环境保护,三达膜环境技术股份有限公司
1716,688103.SH,688103,国力股份,江苏,电气设备,昆山国力电子科技股份有限公司
1717,688106.SH,688106,金宏气体,江苏,化工原料,苏州金宏气体股份有限公司
1718,688108.SH,688108,赛诺医疗,天津,医疗保健,赛诺医疗科学技术股份有限公司
1719,688109.SH,688109,品茗股份,浙江,软件服务,杭州品茗安控信息技术股份有限公司
1720,688111.SH,688111,金山办公,北京,软件服务,北京金山办公软件股份有限公司
1721,688113.SH,688113,联测科技,江苏,专用机械,江苏联测机电科技股份有限公司
1722,688116.SH,688116,天奈科技,江苏,化工原料,江苏天奈科技股份有限公司
1723,688117.SH,688117,圣诺生物,四川,生物制药,成都圣诺生物科技股份有限公司
1724,688118.SH,688118,普元信息,上海,软件服务,普元信息技术股份有限公司
1725,688121.SH,688121,卓然股份,上海,专用机械,上海卓然工程技术股份有限公司
1726,688122.SH,688122,西部超导,陕西,小金属,西部超导材料科技股份有限公司
1727,688123.SH,688123,聚辰股份,上海,半导体,聚辰半导体股份有限公司
1728,688126.SH,688126,沪硅产业-U,上海,半导体,上海硅产业集团股份有限公司
1729,688127.SH,688127,蓝特光学,浙江,元器件,浙江蓝特光学股份有限公司
1730,688128.SH,688128,中国电研,广东,专用机械,中国电器科学研究院股份有限公司
1731,688129.SH,688129,东来技术,上海,染料涂料,东来涂料技术(上海)股份有限公司
1732,688131.SH,688131,皓元医药,上海,化学制药,上海皓元医药股份有限公司
1733,688133.SH,688133,泰坦科技,上海,化工原料,上海泰坦科技股份有限公司
1734,688135.SH,688135,利扬芯片,广东,半导体,广东利扬芯片测试股份有限公司
1735,688136.SH,688136,科兴制药,山东,生物制药,科兴生物制药股份有限公司
1736,688138.SH,688138,清溢光电,深圳,元器件,深圳清溢光电股份有限公司
1737,688139.SH,688139,海尔生物,山东,医疗保健,青岛海尔生物医疗股份有限公司
1738,688148.SH,688148,芳源股份,广东,电气设备,广东芳源环保股份有限公司
1739,688155.SH,688155,先惠技术,上海,专用机械,上海先惠自动化技术股份有限公司
1740,688156.SH,688156,路德环境,湖北,环境保护,路德环境科技股份有限公司
1741,688157.SH,688157,松井股份,湖南,染料涂料,湖南松井新材料股份有限公司
1742,688158.SH,688158,优刻得-W,上海,互联网,优刻得科技股份有限公司
1743,688159.SH,688159,有方科技,深圳,通信设备,深圳市有方科技股份有限公司
1744,688160.SH,688160,步科股份,上海,电器仪表,上海步科自动化股份有限公司
1745,688161.SH,688161,威高骨科,山东,医疗保健,山东威高骨科材料股份有限公司
1746,688165.SH,688165,埃夫特-U,安徽,专用机械,埃夫特智能装备股份有限公司
1747,688166.SH,688166,博瑞医药,江苏,化学制药,博瑞生物医药(苏州)股份有限公司
1748,688168.SH,688168,安博通,北京,软件服务,北京安博通科技股份有限公司
1749,688169.SH,688169,石头科技,北京,家用电器,北京石头世纪科技股份有限公司
1750,688177.SH,688177,百奥泰-U,广东,生物制药,百奥泰生物制药股份有限公司
1751,688178.SH,688178,万德斯,江苏,环境保护,南京万德斯环保科技股份有限公司
1752,688179.SH,688179,阿拉丁,上海,化学制药,上海阿拉丁生化科技股份有限公司
1753,688180.SH,688180,君实生物-U,上海,生物制药,上海君实生物医药科技股份有限公司
1754,688181.SH,688181,八亿时空,北京,半导体,北京八亿时空液晶科技股份有限公司
1755,688183.SH,688183,生益电子,广东,元器件,生益电子股份有限公司
1756,688185.SH,688185,康希诺-U,天津,生物制药,康希诺生物股份公司
1757,688186.SH,688186,广大特材,江苏,特种钢,张家港广大特材股份有限公司
1758,688187.SH,688187,时代电气,湖南,运输设备,株洲中车时代电气股份有限公司
1759,688188.SH,688188,柏楚电子,上海,软件服务,上海柏楚电子科技股份有限公司
1760,688189.SH,688189,南新制药,湖南,化学制药,湖南南新制药股份有限公司
1761,688191.SH,688191,智洋创新,山东,软件服务,智洋创新科技股份有限公司
1762,688195.SH,688195,腾景科技,福建,元器件,腾景科技股份有限公司
1763,688196.SH,688196,卓越新能,福建,环境保护,龙岩卓越新能源股份有限公司
1764,688198.SH,688198,佰仁医疗,北京,医疗保健,北京佰仁医疗科技股份有限公司
1765,688199.SH,688199,久日新材,天津,化工原料,天津久日新材料股份有限公司
1766,688200.SH,688200,华峰测控,北京,专用机械,北京华峰测控技术股份有限公司
1767,688201.SH,688201,信安世纪,北京,通信设备,北京信安世纪科技股份有限公司
1768,688202.SH,688202,美迪西,上海,医疗保健,上海美迪西生物医药股份有限公司
1769,688208.SH,688208,道通科技,深圳,汽车配件,深圳市道通科技股份有限公司
1770,688215.SH,688215,瑞晟智能,浙江,专用机械,浙江瑞晟智能科技股份有限公司
1771,688216.SH,688216,气派科技,深圳,半导体,气派科技股份有限公司
1772,688217.SH,688217,睿昂基因,上海,生物制药,上海睿昂基因科技股份有限公司
1773,688218.SH,688218,江苏北人,江苏,专用机械,江苏北人智能制造科技股份有限公司
1774,688219.SH,688219,会通股份,安徽,塑料,会通新材料股份有限公司
1775,688221.SH,688221,前沿生物-U,江苏,生物制药,前沿生物药业(南京)股份有限公司
1776,688222.SH,688222,成都先导,四川,化学制药,成都先导药物开发股份有限公司
1777,688226.SH,688226,威腾电气,江苏,电气设备,威腾电气集团股份有限公司
1778,688228.SH,688228,开普云,广东,互联网,开普云信息科技股份有限公司
1779,688229.SH,688229,博睿数据,北京,软件服务,北京博睿宏远数据科技股份有限公司
1780,688233.SH,688233,神工股份,辽宁,化工原料,锦州神工半导体股份有限公司
1781,688239.SH,688239,航宇科技,贵州,航空,贵州航宇科技发展股份有限公司
1782,688256.SH,688256,寒武纪-U,北京,元器件,中科寒武纪科技股份有限公司
1783,688258.SH,688258,卓易信息,江苏,软件服务,江苏卓易信息科技股份有限公司
1784,688260.SH,688260,昀冢科技,江苏,元器件,苏州昀冢电子科技股份有限公司
1785,688266.SH,688266,泽Z制药-U,江苏,化学制药,苏州泽Z生物制药股份有限公司
1786,688268.SH,688268,华特气体,广东,化工原料,广东华特气体股份有限公司
1787,688269.SH,688269,凯立新材,陕西,化工原料,西安凯立新材料股份有限公司
1788,688272.SH,688272,富吉瑞,北京,元器件,北京富吉瑞光电科技股份有限公司
1789,688276.SH,688276,百克生物,吉林,生物制药,长春百克生物科技股份公司
1790,688277.SH,688277,天智航-U,北京,医疗保健,北京天智航医疗科技股份有限公司
1791,688278.SH,688278,特宝生物,福建,生物制药,厦门特宝生物工程股份有限公司
1792,688285.SH,688285,高铁电气,陕西,运输设备,中铁高铁电气装备股份有限公司
1793,688286.SH,688286,敏芯股份,江苏,元器件,苏州敏芯微电子技术股份有限公司
1794,688288.SH,688288,鸿泉物联,浙江,汽车配件,杭州鸿泉物联网技术股份有限公司
1795,688289.SH,688289,圣湘生物,湖南,医疗保健,圣湘生物科技股份有限公司
1796,688296.SH,688296,和达科技,浙江,软件服务,浙江和达科技股份有限公司
1797,688298.SH,688298,东方生物,浙江,医疗保健,浙江东方基因生物制品股份有限公司
1798,688299.SH,688299,长阳科技,浙江,塑料,宁波长阳科技股份有限公司
1799,688300.SH,688300,联瑞新材,江苏,矿物制品,江苏联瑞新材料股份有限公司
1800,688301.SH,688301,奕瑞科技,上海,医疗保健,上海奕瑞光电子科技股份有限公司
1801,688303.SH,688303,大全能源,新疆,电气设备,新疆大全新能源股份有限公司
1802,688305.SH,688305,科德数控,辽宁,机床制造,科德数控股份有限公司
1803,688308.SH,688308,欧科亿,湖南,机械基件,株洲欧科亿数控精密刀具股份有限公司
1804,688309.SH,688309,恒誉环保,山东,环境保护,济南恒誉环保科技股份有限公司
1805,688310.SH,688310,迈得医疗,浙江,医疗保健,迈得医疗工业设备股份有限公司
1806,688311.SH,688311,盟升电子,四川,元器件,成都盟升电子技术股份有限公司
1807,688312.SH,688312,燕麦科技,深圳,专用机械,深圳市燕麦科技股份有限公司
1808,688313.SH,688313,仕佳光子,河南,通信设备,河南仕佳光子科技股份有限公司
1809,688314.SH,688314,康拓医疗,陕西,医疗保健,西安康拓医疗技术股份有限公司
1810,688315.SH,688315,诺禾致源,北京,医疗保健,北京诺禾致源科技股份有限公司
1811,688316.SH,688316,青云科技-U,北京,软件服务,北京青云科技股份有限公司
1812,688317.SH,688317,之江生物,上海,生物制药,上海之江生物科技股份有限公司
1813,688318.SH,688318,财富趋势,深圳,软件服务,深圳市财富趋势科技股份有限公司
1814,688319.SH,688319,欧林生物,四川,生物制药,成都欧林生物科技股份有限公司
1815,688321.SH,688321,微芯生物,深圳,化学制药,深圳微芯生物科技股份有限公司
1816,688323.SH,688323,瑞华泰,深圳,塑料,深圳瑞华泰薄膜科技股份有限公司
1817,688328.SH,688328,深科达,深圳,元器件,深圳市深科达智能装备股份有限公司
1818,688329.SH,688329,艾隆科技,江苏,医疗保健,苏州艾隆科技股份有限公司
1819,688330.SH,688330,宏力达,上海,电气设备,上海宏力达信息技术股份有限公司
1820,688333.SH,688333,铂力特,陕西,机械基件,西安铂力特增材技术股份有限公司
1821,688335.SH,688335,复洁环保,上海,环境保护,上海复洁环保科技股份有限公司
1822,688336.SH,688336,三生国健,上海,生物制药,三生国健药业(上海)股份有限公司
1823,688338.SH,688338,赛科希德,北京,医疗保健,北京赛科希德科技股份有限公司
1824,688339.SH,688339,亿华通-U,北京,汽车配件,北京亿华通科技股份有限公司
1825,688345.SH,688345,博力威,广东,电气设备,广东博力威科技股份有限公司
1826,688350.SH,688350,富淼科技,江苏,化工原料,江苏富淼科技股份有限公司
1827,688355.SH,688355,明志科技,江苏,机械基件,苏州明志科技股份有限公司
1828,688356.SH,688356,键凯科技,北京,化学制药,北京键凯科技股份有限公司
1829,688357.SH,688357,建龙微纳,河南,化工原料,洛阳建龙微纳新材料股份有限公司
1830,688358.SH,688358,祥生医疗,江苏,医疗保健,无锡祥生医疗科技股份有限公司
1831,688359.SH,688359,三孚新科,广东,化工原料,广州三孚新材料科技股份有限公司
1832,688360.SH,688360,德马科技,浙江,机械基件,浙江德马科技股份有限公司
1833,688363.SH,688363,华熙生物,山东,生物制药,华熙生物科技股份有限公司
1834,688365.SH,688365,光云科技,浙江,软件服务,杭州光云科技股份有限公司
1835,688366.SH,688366,昊海生科,上海,生物制药,上海昊海生物科技股份有限公司
1836,688367.SH,688367,工大高科,安徽,软件服务,合肥工大高科信息科技股份有限公司
1837,688368.SH,688368,晶丰明源,上海,半导体,上海晶丰明源半导体股份有限公司
1838,688369.SH,688369,致远互联,北京,软件服务,北京致远互联软件股份有限公司
1839,688377.SH,688377,迪威尔,江苏,专用机械,南京迪威尔高端制造股份有限公司
1840,688378.SH,688378,奥来德,吉林,专用机械,吉林奥来德光电材料股份有限公司
1841,688379.SH,688379,华光新材,浙江,小金属,杭州华光焊接新材料股份有限公司
1842,688383.SH,688383,新益昌,深圳,专用机械,深圳新益昌科技股份有限公司
1843,688385.SH,688385,复旦微电,上海,半导体,上海复旦微电子集团股份有限公司
1844,688386.SH,688386,泛亚微透,江苏,化工原料,江苏泛亚微透科技股份有限公司
1845,688388.SH,688388,嘉元科技,广东,铜,广东嘉元科技股份有限公司
1846,688389.SH,688389,普门科技,深圳,医疗保健,深圳普门科技股份有限公司
1847,688390.SH,688390,固德威,江苏,电气设备,江苏固德威电源科技股份有限公司
1848,688393.SH,688393,安必平,广东,医疗保健,广州安必平医药科技股份有限公司
1849,688395.SH,688395,正弦电气,深圳,电气设备,深圳市正弦电气股份有限公司
1850,688396.SH,688396,华润微,江苏,半导体,华润微电子有限公司
1851,688398.SH,688398,赛特新材,福建,矿物制品,福建赛特新材股份有限公司
1852,688399.SH,688399,硕世生物,江苏,医疗保健,江苏硕世生物科技股份有限公司
1853,688408.SH,688408,中信博,江苏,电气设备,江苏中信博新能源科技股份有限公司
1854,688418.SH,688418,震有科技,深圳,通信设备,深圳震有科技股份有限公司
1855,688425.SH,688425,铁建重工,湖南,专用机械,中国铁建重工集团股份有限公司
1856,688456.SH,688456,有研粉材,北京,铜,有研粉末新材料股份有限公司
1857,688466.SH,688466,金科环境,北京,环境保护,金科环境股份有限公司
1858,688468.SH,688468,科美诊断,北京,医疗保健,科美诊断技术股份有限公司
1859,688488.SH,688488,艾迪药业,江苏,生物制药,江苏艾迪药业股份有限公司
1860,688499.SH,688499,利元亨,广东,专用机械,广东利元亨智能装备股份有限公司
1861,688500.SH,688500,慧辰股份,北京,互联网,北京慧辰资道资讯股份有限公司
1862,688501.SH,688501,青达环保,山东,环境保护,青岛达能环保设备股份有限公司
1863,688505.SH,688505,复旦张江,上海,化学制药,上海复旦张江生物医药股份有限公司
1864,688508.SH,688508,芯朋微,江苏,半导体,无锡芯朋微电子股份有限公司
1865,688509.SH,688509,正元地信,北京,软件服务,正元地理信息集团股份有限公司
1866,688510.SH,688510,航亚科技,江苏,航空,无锡航亚科技股份有限公司
1867,688511.SH,688511,天微电子,四川,元器件,四川天微电子股份有限公司
1868,688513.SH,688513,苑东生物,四川,化学制药,成都苑东生物制药股份有限公司
1869,688516.SH,688516,奥特维,江苏,专用机械,无锡奥特维科技股份有限公司
1870,688517.SH,688517,金冠电气,河南,电气设备,金冠电气股份有限公司
1871,688518.SH,688518,联赢激光,深圳,专用机械,深圳市联赢激光股份有限公司
1872,688519.SH,688519,南亚新材,上海,元器件,南亚新材料科技股份有限公司
1873,688520.SH,688520,神州细胞-U,北京,生物制药,北京神州细胞生物技术集团股份公司
1874,688521.SH,688521,芯原股份-U,上海,半导体,芯原微电子(上海)股份有限公司
1875,688526.SH,688526,科前生物,湖北,农业综合,武汉科前生物股份有限公司
1876,688528.SH,688528,秦川物联,四川,电器仪表,成都秦川物联网科技股份有限公司
1877,688529.SH,688529,豪森股份,辽宁,汽车配件,大连豪森设备制造股份有限公司
1878,688533.SH,688533,上声电子,江苏,元器件,苏州上声电子股份有限公司
1879,688536.SH,688536,思瑞浦,江苏,半导体,思瑞浦微电子科技(苏州)股份有限公司
1880,688538.SH,688538,和辉光电-U,上海,半导体,上海和辉光电股份有限公司
1881,688550.SH,688550,瑞联新材,陕西,化工原料,西安瑞联新材料股份有限公司
1882,688551.SH,688551,科威尔,安徽,专用机械,合肥科威尔电源系统股份有限公司
1883,688555.SH,688555,泽达易盛,天津,软件服务,泽达易盛(天津)科技股份有限公司
1884,688556.SH,688556,高测股份,山东,专用机械,青岛高测科技股份有限公司
1885,688557.SH,688557,兰剑智能,山东,专用机械,兰剑智能科技股份有限公司
1886,688558.SH,688558,国盛智科,江苏,机床制造,南通国盛智能科技集团股份有限公司
1887,688559.SH,688559,海目星,深圳,专用机械,深圳市海目星激光智能装备股份有限公司
1888,688560.SH,688560,明冠新材,江西,电气设备,明冠新材料股份有限公司
1889,688561.SH,688561,奇安信-U,北京,软件服务,奇安信科技集团股份有限公司
1890,688565.SH,688565,力源科技,浙江,环境保护,浙江海盐力源环保科技股份有限公司
1891,688566.SH,688566,吉贝尔,江苏,化学制药,江苏吉贝尔药业股份有限公司
1892,688567.SH,688567,孚能科技,江西,电气设备,孚能科技(赣州)股份有限公司
1893,688568.SH,688568,中科星图,北京,软件服务,中科星图股份有限公司
1894,688569.SH,688569,铁科轨道,北京,运输设备,北京铁科首钢轨道技术股份有限公司
1895,688571.SH,688571,杭华股份,浙江,染料涂料,杭华油墨股份有限公司
1896,688575.SH,688575,亚辉龙,深圳,医疗保健,深圳市亚辉龙生物科技股份有限公司
1897,688577.SH,688577,浙海德曼,浙江,机床制造,浙江海德曼智能装备股份有限公司
1898,688578.SH,688578,艾力斯-U,上海,化学制药,上海艾力斯医药科技股份有限公司
1899,688579.SH,688579,山大地纬,山东,软件服务,山大地纬软件股份有限公司
1900,688580.SH,688580,伟思医疗,江苏,医疗保健,南京伟思医疗科技股份有限公司
1901,688585.SH,688585,上纬新材,上海,化工原料,上纬新材料科技股份有限公司
1902,688586.SH,688586,江航装备,安徽,航空,合肥江航飞机装备股份有限公司
1903,688588.SH,688588,凌志软件,江苏,软件服务,苏州工业园区凌志软件股份有限公司
1904,688589.SH,688589,力合微,深圳,半导体,深圳市力合微电子股份有限公司
1905,688590.SH,688590,新致软件,上海,软件服务,上海新致软件股份有限公司
1906,688595.SH,688595,芯海科技,深圳,半导体,芯海科技(深圳)股份有限公司
1907,688596.SH,688596,正帆科技,上海,专用机械,上海正帆科技股份有限公司
1908,688597.SH,688597,煜邦电力,北京,电器仪表,北京煜邦电力技术股份有限公司
1909,688598.SH,688598,金博股份,湖南,矿物制品,湖南金博碳素股份有限公司
1910,688599.SH,688599,天合光能,江苏,电气设备,天合光能股份有限公司
1911,688600.SH,688600,皖仪科技,安徽,电器仪表,安徽皖仪科技股份有限公司
1912,688601.SH,688601,力芯微,江苏,半导体,无锡力芯微电子股份有限公司
1913,688606.SH,688606,奥泰生物,浙江,生物制药,杭州奥泰生物技术股份有限公司
1914,688607.SH,688607,康众医疗,江苏,医疗保健,江苏康众数字医疗科技股份有限公司
1915,688608.SH,688608,恒玄科技,上海,半导体,恒玄科技(上海)股份有限公司
1916,688609.SH,688609,九联科技,广东,通信设备,广东九联科技股份有限公司
1917,688611.SH,688611,杭州柯林,浙江,电气设备,杭州柯林电气股份有限公司
1918,688613.SH,688613,奥精医疗,北京,医疗保健,奥精医疗科技股份有限公司
1919,688616.SH,688616,西力科技,浙江,电器仪表,杭州西力智能科技股份有限公司
1920,688617.SH,688617,惠泰医疗,深圳,医疗保健,深圳惠泰医疗器械股份有限公司
1921,688618.SH,688618,三旺通信,深圳,通信设备,深圳市三旺通信股份有限公司
1922,688619.SH,688619,罗普特,福建,软件服务,罗普特科技集团股份有限公司
1923,688621.SH,688621,阳光诺和,北京,医疗保健,北京阳光诺和药物研究股份有限公司
1924,688622.SH,688622,禾信仪器,广东,电器仪表,广州禾信仪器股份有限公司
1925,688625.SH,688625,呈和科技,广东,化工原料,呈和科技股份有限公司
1926,688626.SH,688626,翔宇医疗,河南,医疗保健,河南翔宇医疗设备股份有限公司
1927,688628.SH,688628,优利德,广东,电器仪表,优利德科技(中国)股份有限公司
1928,688630.SH,688630,芯微装,安徽,专用机械,合肥芯微电子装备股份有限公司
1929,688633.SH,688633,星球石墨,江苏,专用机械,南通星球石墨股份有限公司
1930,688636.SH,688636,智明达,四川,元器件,成都智明达电子股份有限公司
1931,688639.SH,688639,华恒生物,安徽,化工原料,安徽华恒生物科技股份有限公司
1932,688655.SH,688655,迅捷兴,深圳,元器件,深圳市迅捷兴科技股份有限公司
1933,688656.SH,688656,浩欧博,江苏,生物制药,江苏浩欧博生物医药股份有限公司
1934,688658.SH,688658,悦康药业,北京,化学制药,悦康药业集团股份有限公司
1935,688659.SH,688659,元琛科技,安徽,环境保护,安徽元琛环保科技股份有限公司
1936,688660.SH,688660,电气风电,上海,电气设备,上海电气风电集团股份有限公司
1937,688661.SH,688661,和林微纳,江苏,元器件,苏州和林微纳科技股份有限公司
1938,688662.SH,688662,富信科技,广东,半导体,广东富信科技股份有限公司
1939,688663.SH,688663,新风光,山东,电气设备,新风光电子科技股份有限公司
1940,688665.SH,688665,四方光电,湖北,电器仪表,四方光电股份有限公司
1941,688667.SH,688667,菱电电控,湖北,汽车配件,武汉菱电汽车电控系统股份有限公司
1942,688668.SH,688668,鼎通科技,广东,元器件,东莞市鼎通精密科技股份有限公司
1943,688669.SH,688669,聚石化学,广东,化工原料,广东聚石化学股份有限公司
1944,688670.SH,688670,金迪克,江苏,生物制药,江苏金迪克生物技术股份有限公司
1945,688676.SH,688676,金盘科技,海南,电气设备,海南金盘智能科技股份有限公司
1946,688677.SH,688677,海泰新光,山东,医疗保健,青岛海泰新光科技股份有限公司
1947,688678.SH,688678,福立旺,江苏,元器件,福立旺精密机电(中国)股份有限公司
1948,688679.SH,688679,通源环境,安徽,环境保护,安徽省通源环境节能股份有限公司
1949,688680.SH,688680,海优新材,上海,塑料,上海海优威新材料股份有限公司
1950,688681.SH,688681,科汇股份,山东,电气设备,山东科汇电力自动化股份有限公司
1951,688682.SH,688682,霍莱沃,上海,软件服务,上海霍莱沃电子系统技术股份有限公司
1952,688683.SH,688683,莱尔科技,广东,化工原料,广东莱尔新材料科技股份有限公司
1953,688685.SH,688685,迈信林,江苏,航空,江苏迈信林航空科技股份有限公司
1954,688686.SH,688686,奥普特,广东,电器仪表,广东奥普特科技股份有限公司
1955,688687.SH,688687,凯因科技,北京,生物制药,北京凯因科技股份有限公司
1956,688689.SH,688689,银河微电,江苏,元器件,常州银河世纪微电子股份有限公司
1957,688690.SH,688690,纳微科技,江苏,化工原料,苏州纳微科技股份有限公司
1958,688696.SH,688696,极米科技,四川,IT设备,成都极米科技股份有限公司
1959,688697.SH,688697,纽威数控,江苏,机床制造,纽威数控装备(苏州)股份有限公司
1960,688698.SH,688698,伟创电气,江苏,电气设备,苏州伟创电气科技股份有限公司
1961,688699.SH,688699,明微电子,深圳,半导体,深圳市明微电子股份有限公司
1962,688700.SH,688700,东威科技,江苏,专用机械,昆山东威科技股份有限公司
1963,688701.SH,688701,卓锦股份,浙江,环境保护,浙江卓锦环保科技股份有限公司
1964,688707.SH,688707,振华新材-U,贵州,化工原料,贵州振华新材料股份有限公司
1965,688711.SH,688711,宏微科技,江苏,半导体,江苏宏微科技股份有限公司
1966,688718.SH,688718,唯赛勃,上海,专用机械,上海唯赛勃环保科技股份有限公司
1967,688722.SH,688722,N同益中,北京,化纤,北京同益中新材料科技股份有限公司
1968,688728.SH,688728,格科微,上海,半导体,格科微有限公司
1969,688733.SH,688733,壹石通,安徽,矿物制品,安徽壹石通材料科技股份有限公司
1970,688766.SH,688766,普冉股份,上海,半导体,普冉半导体(上海)股份有限公司
1971,688767.SH,688767,博拓生物,浙江,医疗保健,杭州博拓生物科技股份有限公司
1972,688768.SH,688768,容知日新,安徽,电器仪表,安徽容知日新科技股份有限公司
1973,688772.SH,688772,珠海冠宇,广东,电气设备,珠海冠宇电池股份有限公司
1974,688776.SH,688776,国光电气,四川,元器件,成都国光电气股份有限公司
1975,688777.SH,688777,中控技术,浙江,软件服务,浙江中控技术股份有限公司
1976,688778.SH,688778,厦钨新能,福建,元器件,厦门厦钨新能源材料股份有限公司
1977,688779.SH,688779,长远锂科,湖南,电气设备,湖南长远锂科股份有限公司
1978,688786.SH,688786,悦安新材,江西,矿物制品,江西悦安新材料股份有限公司
1979,688787.SH,688787,海天瑞声,北京,软件服务,北京海天瑞声科技股份有限公司
1980,688788.SH,688788,科思科技,深圳,通信设备,深圳市科思科技股份有限公司
1981,688789.SH,688789,宏华数科,浙江,专用机械,杭州宏华数码科技股份有限公司
1982,688793.SH,688793,倍轻松,深圳,家居用品,深圳市倍轻松科技股份有限公司
1983,688798.SH,688798,艾为电子,上海,半导体,上海艾为电子技术股份有限公司
1984,688799.SH,688799,华纳药厂,湖南,化学制药,湖南华纳大药厂股份有限公司
1985,688800.SH,688800,瑞可达,江苏,元器件,苏州瑞可达连接系统股份有限公司
1986,688819.SH,688819,天能股份,浙江,电气设备,天能电池集团股份有限公司
1987,688981.SH,688981,中芯国际,上海,半导体,中芯国际集成电路制造有限公司
1988,689009.SH,689009,九号公司-WD,北京,摩托车,九号有限公司
